family,shape,rate,policy,seed,accepted,acked,not_written,offered,refused,unknown,healthy_outage_refused,missing_healthy_ack_windows,steady_acked,ack_p99_ns,descriptor_capacity,descriptor_observed_peak,pressure_decisions,active_partitions,configured_partitions,source_sha256,analysis_sha256,analysis_path
independent,independent,1000,Shared,0,28512,28512,0,30000,1488,0,984,56,,2168368604,512,512,0,6,6,7de7cabd997ba827881d33a5d82c279279d081ca26bef8f83c3493fd6d85a605,461c90602c8048cfcb4eb3af49afbefee13b7aa8d7219897f52f3a3a1fba6021,target/experiments/admission-trial/independent/seed-0/analysis/hard.partition-admission-isolation/independent-rate1000-shared.json
independent,independent,1000,Shared,1,28875,28875,0,30000,1125,0,624,28,,2154212259,512,512,0,6,6,7de7cabd997ba827881d33a5d82c279279d081ca26bef8f83c3493fd6d85a605,a4eaf4ac72d9295b3171d9844c02a6ce7ca3208b0adf29f43b18135eb5b19474,target/experiments/admission-trial/independent/seed-1/analysis/hard.partition-admission-isolation/independent-rate1000-shared.json
independent,independent,1000,Shared,2,28508,28508,0,30000,1492,0,987,56,,2164631834,512,512,0,6,6,7de7cabd997ba827881d33a5d82c279279d081ca26bef8f83c3493fd6d85a605,2c60d0c30da8ad49dbdf4ccc57dade3889ad5b96b564810a0d840d6b442068b4,target/experiments/admission-trial/independent/seed-2/analysis/hard.partition-admission-isolation/independent-rate1000-shared.json
independent,independent,1000,Shared,3,28500,28500,0,30000,1500,0,984,56,,2176286931,512,512,0,6,6,7de7cabd997ba827881d33a5d82c279279d081ca26bef8f83c3493fd6d85a605,44e36c41f70aa4a74a7179ecb8d61fc95468a680f5026e8825b12768937b4920,target/experiments/admission-trial/independent/seed-3/analysis/hard.partition-admission-isolation/independent-rate1000-shared.json
independent,independent,1000,Shared,4,28875,28875,0,30000,1125,0,624,28,,2156406602,512,512,0,6,6,7de7cabd997ba827881d33a5d82c279279d081ca26bef8f83c3493fd6d85a605,7066b0116991e08080fc44ac943568ff7e0f8f83ce7fa4a19569e07bdd5378bf,target/experiments/admission-trial/independent/seed-4/analysis/hard.partition-admission-isolation/independent-rate1000-shared.json
independent,independent,1000,Shared,5,28508,28508,0,30000,1492,0,987,56,,2164128764,512,512,0,6,6,7de7cabd997ba827881d33a5d82c279279d081ca26bef8f83c3493fd6d85a605,bb630be6cda86e76ff3f39864e1f80e2f931cce85c649e0d31cab00ff2fac0fb,target/experiments/admission-trial/independent/seed-5/analysis/hard.partition-admission-isolation/independent-rate1000-shared.json
independent,independent,1000,Shared,6,28512,28512,0,30000,1488,0,984,56,,2167780250,512,512,0,6,6,7de7cabd997ba827881d33a5d82c279279d081ca26bef8f83c3493fd6d85a605,a27c854a592c8636ef7d31fb7607f612ffd4440e7ce4a9ca4b2a07c1d92af788,target/experiments/admission-trial/independent/seed-6/analysis/hard.partition-admission-isolation/independent-rate1000-shared.json
independent,independent,1000,Shared,7,28875,28875,0,30000,1125,0,624,28,,2152027007,512,512,0,6,6,7de7cabd997ba827881d33a5d82c279279d081ca26bef8f83c3493fd6d85a605,98dfff73f97044b533030afb8b8b959938863f8628e4670cffb3915e65bb1282,target/experiments/admission-trial/independent/seed-7/analysis/hard.partition-admission-isolation/independent-rate1000-shared.json
independent,independent,1000,Shared,8,28512,28512,0,30000,1488,0,987,56,,2161156151,512,512,0,6,6,7de7cabd997ba827881d33a5d82c279279d081ca26bef8f83c3493fd6d85a605,819887bcf7a8f20ca9b26dc92e1bbd59c959c15e90ff2003dc044724bf0cab8b,target/experiments/admission-trial/independent/seed-8/analysis/hard.partition-admission-isolation/independent-rate1000-shared.json
independent,independent,1000,Shared,9,28506,28506,0,30000,1494,0,984,56,,2171927320,512,512,0,6,6,7de7cabd997ba827881d33a5d82c279279d081ca26bef8f83c3493fd6d85a605,c8001c56c2751e601704ca001b39153d89ce397f8e8f3d035bc0e8c78e079663,target/experiments/admission-trial/independent/seed-9/analysis/hard.partition-admission-isolation/independent-rate1000-shared.json
independent,independent,1000,Shared,10,28875,28875,0,30000,1125,0,624,28,,2156622262,512,512,0,6,6,7de7cabd997ba827881d33a5d82c279279d081ca26bef8f83c3493fd6d85a605,e1ffc0c0350a05ff8efcb189bea367af935a30a6196af8e138ac96cbfbbcca1e,target/experiments/admission-trial/independent/seed-10/analysis/hard.partition-admission-isolation/independent-rate1000-shared.json
independent,independent,1000,Shared,11,28512,28512,0,30000,1488,0,987,56,,2160795782,512,512,0,6,6,7de7cabd997ba827881d33a5d82c279279d081ca26bef8f83c3493fd6d85a605,265b2a9cf34ffc841bdb52869b8e32125a688e02935abaeaa5c345ee67c96ac8,target/experiments/admission-trial/independent/seed-11/analysis/hard.partition-admission-isolation/independent-rate1000-shared.json
independent,independent,1000,Shared,12,28512,28512,0,30000,1488,0,984,56,,2165516731,512,512,0,6,6,7de7cabd997ba827881d33a5d82c279279d081ca26bef8f83c3493fd6d85a605,6a833b7eec44b8a80f6957413b0924b6b83436c44cb6709a08e010feb460c048,target/experiments/admission-trial/independent/seed-12/analysis/hard.partition-admission-isolation/independent-rate1000-shared.json
independent,independent,1000,Shared,13,28875,28875,0,30000,1125,0,624,28,,2153812074,512,512,0,6,6,7de7cabd997ba827881d33a5d82c279279d081ca26bef8f83c3493fd6d85a605,b068f55ef6d0d4b5d8566f00538f1417688be98edf153203d2e2ac319715c2e2,target/experiments/admission-trial/independent/seed-13/analysis/hard.partition-admission-isolation/independent-rate1000-shared.json
independent,independent,1000,Shared,14,28506,28506,0,30000,1494,0,987,56,,2165880919,512,512,0,6,6,7de7cabd997ba827881d33a5d82c279279d081ca26bef8f83c3493fd6d85a605,6941388a6dab83e29680d5299bb2b680b0e1877e97718ed0523aa74a9a7d5ae8,target/experiments/admission-trial/independent/seed-14/analysis/hard.partition-admission-isolation/independent-rate1000-shared.json
independent,independent,1000,Shared,15,28506,28506,0,30000,1494,0,984,56,,2171540232,512,512,0,6,6,7de7cabd997ba827881d33a5d82c279279d081ca26bef8f83c3493fd6d85a605,21f6784251661b3c4a1948fb4f986ea33bf3be889c6baf336adc8d7156c1384c,target/experiments/admission-trial/independent/seed-15/analysis/hard.partition-admission-isolation/independent-rate1000-shared.json
independent,independent,1000,PartitionPressure,0,29374,29374,0,30000,626,0,0,0,,2137118651,512,388,626,6,6,7de7cabd997ba827881d33a5d82c279279d081ca26bef8f83c3493fd6d85a605,1a9fcddd5c9f39f6076d05ae41da522cf968a0e3fede3ca67b62cbd8c55911f7,target/experiments/admission-trial/independent/seed-0/analysis/hard.partition-admission-isolation/independent-rate1000-pressure.json
independent,independent,1000,PartitionPressure,1,29372,29372,0,30000,628,0,0,0,,2142307608,512,387,628,6,6,7de7cabd997ba827881d33a5d82c279279d081ca26bef8f83c3493fd6d85a605,04ea8f29a37be8c0250d05b8f82968f1c81ba537fdc9f9d93b4e8963a94f29a3,target/experiments/admission-trial/independent/seed-1/analysis/hard.partition-admission-isolation/independent-rate1000-pressure.json
independent,independent,1000,PartitionPressure,2,29377,29377,0,30000,623,0,0,0,,2131862111,512,388,623,6,6,7de7cabd997ba827881d33a5d82c279279d081ca26bef8f83c3493fd6d85a605,6e738ffd80b4f72d16a5bfe65a7de048ece26834aa51ccc3333367b16714a4a3,target/experiments/admission-trial/independent/seed-2/analysis/hard.partition-admission-isolation/independent-rate1000-pressure.json
independent,independent,1000,PartitionPressure,3,29370,29370,0,30000,630,0,0,0,,2147583166,512,388,630,6,6,7de7cabd997ba827881d33a5d82c279279d081ca26bef8f83c3493fd6d85a605,30fbbc257737b66b4b32b0d28b098a0ea2a9ba94b53f1dbf2b97e39288195399,target/experiments/admission-trial/independent/seed-3/analysis/hard.partition-admission-isolation/independent-rate1000-pressure.json
independent,independent,1000,PartitionPressure,4,29374,29374,0,30000,626,0,0,0,,2134669722,512,387,626,6,6,7de7cabd997ba827881d33a5d82c279279d081ca26bef8f83c3493fd6d85a605,96d920fbf7a29a2f58d3764fa2a3cd6c147865fcc3f8f6221c0fe9c3a821df77,target/experiments/admission-trial/independent/seed-4/analysis/hard.partition-admission-isolation/independent-rate1000-pressure.json
independent,independent,1000,PartitionPressure,5,29373,29373,0,30000,627,0,0,0,,2140978647,512,388,627,6,6,7de7cabd997ba827881d33a5d82c279279d081ca26bef8f83c3493fd6d85a605,0b2da0cd2584092aba508edf7840df3b139a27b7f60aa1a67165cf711c7b73c9,target/experiments/admission-trial/independent/seed-5/analysis/hard.partition-admission-isolation/independent-rate1000-pressure.json
independent,independent,1000,PartitionPressure,6,29368,29368,0,30000,632,0,0,0,,2154131618,512,388,632,6,6,7de7cabd997ba827881d33a5d82c279279d081ca26bef8f83c3493fd6d85a605,3711ebb2be58ce24eda4256be34c9b5cb404844366302856f633666b83738504,target/experiments/admission-trial/independent/seed-6/analysis/hard.partition-admission-isolation/independent-rate1000-pressure.json
independent,independent,1000,PartitionPressure,7,29372,29372,0,30000,628,0,0,0,,2144001412,512,387,628,6,6,7de7cabd997ba827881d33a5d82c279279d081ca26bef8f83c3493fd6d85a605,44c9dbbeda041102c9ab9a4e3fa5120e6bde57d09cd7c3b699a65f0a2d725a1f,target/experiments/admission-trial/independent/seed-7/analysis/hard.partition-admission-isolation/independent-rate1000-pressure.json
independent,independent,1000,PartitionPressure,8,29375,29375,0,30000,625,0,0,0,,2138732342,512,388,625,6,6,7de7cabd997ba827881d33a5d82c279279d081ca26bef8f83c3493fd6d85a605,46f61bcfbff60284ceac27224b76fbc753c5ee3490baf83394cc8f3b08d2ad4e,target/experiments/admission-trial/independent/seed-8/analysis/hard.partition-admission-isolation/independent-rate1000-pressure.json
independent,independent,1000,PartitionPressure,9,29373,29373,0,30000,627,0,0,0,,2138860807,512,388,627,6,6,7de7cabd997ba827881d33a5d82c279279d081ca26bef8f83c3493fd6d85a605,ce59bdca729a93f077949eb246ac05ffd39c2254f191429fd22cd021fdbaef09,target/experiments/admission-trial/independent/seed-9/analysis/hard.partition-admission-isolation/independent-rate1000-pressure.json
independent,independent,1000,PartitionPressure,10,29376,29376,0,30000,624,0,0,0,,2133178962,512,387,624,6,6,7de7cabd997ba827881d33a5d82c279279d081ca26bef8f83c3493fd6d85a605,bd1b0b2bf2e771d2993966a1dc6a8d8a43d4334186ab9f80f505f901b398c7e5,target/experiments/admission-trial/independent/seed-10/analysis/hard.partition-admission-isolation/independent-rate1000-pressure.json
independent,independent,1000,PartitionPressure,11,29373,29373,0,30000,627,0,0,0,,2145004109,512,388,627,6,6,7de7cabd997ba827881d33a5d82c279279d081ca26bef8f83c3493fd6d85a605,88b5c7be9cbc60f3d279451ac9192856aac793bf13f4b4428c99676d013daf41,target/experiments/admission-trial/independent/seed-11/analysis/hard.partition-admission-isolation/independent-rate1000-pressure.json
independent,independent,1000,PartitionPressure,12,29374,29374,0,30000,626,0,0,0,,2137652642,512,388,626,6,6,7de7cabd997ba827881d33a5d82c279279d081ca26bef8f83c3493fd6d85a605,a41e60d33c32528f9284325b170aeb034bbd2a817e4ad70522770d3083c26309,target/experiments/admission-trial/independent/seed-12/analysis/hard.partition-admission-isolation/independent-rate1000-pressure.json
independent,independent,1000,PartitionPressure,13,29376,29376,0,30000,624,0,0,0,,2131756290,512,387,624,6,6,7de7cabd997ba827881d33a5d82c279279d081ca26bef8f83c3493fd6d85a605,74806ebce1017e652df951bf48afaa95887a160126a0511d6225a1b45eccdf4e,target/experiments/admission-trial/independent/seed-13/analysis/hard.partition-admission-isolation/independent-rate1000-pressure.json
independent,independent,1000,PartitionPressure,14,29373,29373,0,30000,627,0,0,0,,2144565808,512,388,627,6,6,7de7cabd997ba827881d33a5d82c279279d081ca26bef8f83c3493fd6d85a605,ce6bb708691ecb21dd29a5c5c33b603e4ce6bd0d30b82d54d0d6a7f4b5e69830,target/experiments/admission-trial/independent/seed-14/analysis/hard.partition-admission-isolation/independent-rate1000-pressure.json
independent,independent,1000,PartitionPressure,15,29374,29374,0,30000,626,0,0,0,,2136772133,512,388,626,6,6,7de7cabd997ba827881d33a5d82c279279d081ca26bef8f83c3493fd6d85a605,bfbdb86c2dca192614639b1c6c6777f91d62daf28ea606f22b559efc634d0092,target/experiments/admission-trial/independent/seed-15/analysis/hard.partition-admission-isolation/independent-rate1000-pressure.json
independent,independent,4000,Shared,0,109504,109504,0,120000,10496,0,6984,101,,6405000,512,512,0,6,6,7de7cabd997ba827881d33a5d82c279279d081ca26bef8f83c3493fd6d85a605,445a6498fdfcb40061ca0348dcfb0bb4d5394ba3b45087d0805585a9a5d13163,target/experiments/admission-trial/independent/seed-0/analysis/hard.partition-admission-isolation/independent-rate4000-shared.json
independent,independent,4000,Shared,1,109901,109901,0,120000,10099,0,6576,60,,6405000,512,512,0,6,6,7de7cabd997ba827881d33a5d82c279279d081ca26bef8f83c3493fd6d85a605,0f9f534612b5b94c8609c2370175d4d38bf328a78d2bbee9afc7d40e657c28f5,target/experiments/admission-trial/independent/seed-1/analysis/hard.partition-admission-isolation/independent-rate4000-shared.json
independent,independent,4000,Shared,2,109459,109459,0,120000,10541,0,6994,103,,6405000,512,512,0,6,6,7de7cabd997ba827881d33a5d82c279279d081ca26bef8f83c3493fd6d85a605,92372934bc5ddf43f0f40f69970ceaa65b42596221c7e82b8707ddf9305b3d28,target/experiments/admission-trial/independent/seed-2/analysis/hard.partition-admission-isolation/independent-rate4000-shared.json
independent,independent,4000,Shared,3,109456,109456,0,120000,10544,0,6984,101,,6405000,512,512,0,6,6,7de7cabd997ba827881d33a5d82c279279d081ca26bef8f83c3493fd6d85a605,cd0b46714e1931075e83ffcb161317f0a73ff0ffa8d7bc02e731926fd1583e32,target/experiments/admission-trial/independent/seed-3/analysis/hard.partition-admission-isolation/independent-rate4000-shared.json
independent,independent,4000,Shared,4,109913,109913,0,120000,10087,0,6576,60,,6405000,512,512,0,6,6,7de7cabd997ba827881d33a5d82c279279d081ca26bef8f83c3493fd6d85a605,f201a42aa96d06edf8566a0f6854befa1905c21360ee0471b21e073bfc90744a,target/experiments/admission-trial/independent/seed-4/analysis/hard.partition-admission-isolation/independent-rate4000-shared.json
independent,independent,4000,Shared,5,109477,109477,0,120000,10523,0,6994,103,,6405000,512,512,0,6,6,7de7cabd997ba827881d33a5d82c279279d081ca26bef8f83c3493fd6d85a605,f2d3af4ff429aa7ca4044f1b7341bf5661156a36197cea72ec5a25d5942ebaf5,target/experiments/admission-trial/independent/seed-5/analysis/hard.partition-admission-isolation/independent-rate4000-shared.json
independent,independent,4000,Shared,6,109498,109498,0,120000,10502,0,6984,101,,6405000,512,512,0,6,6,7de7cabd997ba827881d33a5d82c279279d081ca26bef8f83c3493fd6d85a605,6abdfe00d1f5f8cf9fcec14ac0a286d4e46a4599539c318a95dc6b8badf5cd46,target/experiments/admission-trial/independent/seed-6/analysis/hard.partition-admission-isolation/independent-rate4000-shared.json
independent,independent,4000,Shared,7,109884,109884,0,120000,10116,0,6576,60,,6405000,512,512,0,6,6,7de7cabd997ba827881d33a5d82c279279d081ca26bef8f83c3493fd6d85a605,013a674f91770fde280d565227798f93f4c8d0c61eada5f9624a7a572ae08de9,target/experiments/admission-trial/independent/seed-7/analysis/hard.partition-admission-isolation/independent-rate4000-shared.json
independent,independent,4000,Shared,8,109471,109471,0,120000,10529,0,6994,103,,6405000,512,512,0,6,6,7de7cabd997ba827881d33a5d82c279279d081ca26bef8f83c3493fd6d85a605,64dd03669614cf16d4b58038bfc3cdfd352513112f8c8069570a7a2cc8ab1d55,target/experiments/admission-trial/independent/seed-8/analysis/hard.partition-admission-isolation/independent-rate4000-shared.json
independent,independent,4000,Shared,9,109468,109468,0,120000,10532,0,6984,101,,6405000,512,512,0,6,6,7de7cabd997ba827881d33a5d82c279279d081ca26bef8f83c3493fd6d85a605,e4de3773b10d5b1b5a6b35e24e975e160cb6b80cf2811c0e4ad55a593f64a895,target/experiments/admission-trial/independent/seed-9/analysis/hard.partition-admission-isolation/independent-rate4000-shared.json
independent,independent,4000,Shared,10,109901,109901,0,120000,10099,0,6576,60,,6405000,512,512,0,6,6,7de7cabd997ba827881d33a5d82c279279d081ca26bef8f83c3493fd6d85a605,a7dccbc08cfd7991c27682a70408c25b247b6ed4bc18bd9c3a91410e2f34c14a,target/experiments/admission-trial/independent/seed-10/analysis/hard.partition-admission-isolation/independent-rate4000-shared.json
independent,independent,4000,Shared,11,109477,109477,0,120000,10523,0,6994,103,,6405000,512,512,0,6,6,7de7cabd997ba827881d33a5d82c279279d081ca26bef8f83c3493fd6d85a605,50579d339afbb5348c631893ec477d4753db85538922af5d3f4518536165681f,target/experiments/admission-trial/independent/seed-11/analysis/hard.partition-admission-isolation/independent-rate4000-shared.json
independent,independent,4000,Shared,12,109462,109462,0,120000,10538,0,6984,101,,6405000,512,512,0,6,6,7de7cabd997ba827881d33a5d82c279279d081ca26bef8f83c3493fd6d85a605,c7d6112cdbb1e7970ff6161d3f5e24ddb8f7144bd7b70a3b5f95e55172c3c0ea,target/experiments/admission-trial/independent/seed-12/analysis/hard.partition-admission-isolation/independent-rate4000-shared.json
independent,independent,4000,Shared,13,109901,109901,0,120000,10099,0,6576,60,,6405000,512,512,0,6,6,7de7cabd997ba827881d33a5d82c279279d081ca26bef8f83c3493fd6d85a605,0d68c4589388b5e21d73d1aa8b52894cfbf1298e51438acdcbfdce8f715b17b4,target/experiments/admission-trial/independent/seed-13/analysis/hard.partition-admission-isolation/independent-rate4000-shared.json
independent,independent,4000,Shared,14,109459,109459,0,120000,10541,0,6994,103,,6405000,512,512,0,6,6,7de7cabd997ba827881d33a5d82c279279d081ca26bef8f83c3493fd6d85a605,d1cc335dce34e3592bd059554f3aca849c53ea6fc4cb730b266e0664345321bc,target/experiments/admission-trial/independent/seed-14/analysis/hard.partition-admission-isolation/independent-rate4000-shared.json
independent,independent,4000,Shared,15,109474,109474,0,120000,10526,0,6984,101,,6405000,512,512,0,6,6,7de7cabd997ba827881d33a5d82c279279d081ca26bef8f83c3493fd6d85a605,7e1e034021915b1eae1286c137db0ee4e3406b34f87db64ac3b45ac230950548,target/experiments/admission-trial/independent/seed-15/analysis/hard.partition-admission-isolation/independent-rate4000-shared.json
independent,independent,4000,PartitionPressure,0,116362,116362,0,120000,3638,0,0,0,,6405000,512,400,3638,6,6,7de7cabd997ba827881d33a5d82c279279d081ca26bef8f83c3493fd6d85a605,014bff4db3859674c5aa600d7fad8ebab43d46506aa8f4b6f1a64cd180950e3b,target/experiments/admission-trial/independent/seed-0/analysis/hard.partition-admission-isolation/independent-rate4000-pressure.json
independent,independent,4000,PartitionPressure,1,116348,116348,0,120000,3652,0,0,0,,6405000,512,399,3652,6,6,7de7cabd997ba827881d33a5d82c279279d081ca26bef8f83c3493fd6d85a605,67d3b6740d5dc86483a3051eb58efa830167696112f3313543d92fcb44ab650c,target/experiments/admission-trial/independent/seed-1/analysis/hard.partition-admission-isolation/independent-rate4000-pressure.json
independent,independent,4000,PartitionPressure,2,116357,116357,0,120000,3643,0,0,0,,6405000,512,400,3643,6,6,7de7cabd997ba827881d33a5d82c279279d081ca26bef8f83c3493fd6d85a605,1e952634fa109adbd0bdaf4d18658d1e7f81083a85d0792fedc3d6e6219fa7cc,target/experiments/admission-trial/independent/seed-2/analysis/hard.partition-admission-isolation/independent-rate4000-pressure.json
independent,independent,4000,PartitionPressure,3,116368,116368,0,120000,3632,0,0,0,,6405000,512,400,3632,6,6,7de7cabd997ba827881d33a5d82c279279d081ca26bef8f83c3493fd6d85a605,97178a0baec82ad88991d7afcbc7b16e65f727be7071370448a7611211817927,target/experiments/admission-trial/independent/seed-3/analysis/hard.partition-admission-isolation/independent-rate4000-pressure.json
independent,independent,4000,PartitionPressure,4,116362,116362,0,120000,3638,0,0,0,,6405000,512,399,3638,6,6,7de7cabd997ba827881d33a5d82c279279d081ca26bef8f83c3493fd6d85a605,fdbf0a56e5ffcf27d4393e5aa4b9091cee9e0516a92f95495da9a4ba8b664771,target/experiments/admission-trial/independent/seed-4/analysis/hard.partition-admission-isolation/independent-rate4000-pressure.json
independent,independent,4000,PartitionPressure,5,116351,116351,0,120000,3649,0,0,0,,6405000,512,400,3649,6,6,7de7cabd997ba827881d33a5d82c279279d081ca26bef8f83c3493fd6d85a605,dd21f748c167684b3a27c47b1968ec58c80f4326979b633abe2a0d690f2506f4,target/experiments/admission-trial/independent/seed-5/analysis/hard.partition-admission-isolation/independent-rate4000-pressure.json
independent,independent,4000,PartitionPressure,6,116364,116364,0,120000,3636,0,0,0,,6405000,512,400,3636,6,6,7de7cabd997ba827881d33a5d82c279279d081ca26bef8f83c3493fd6d85a605,fe16790ee8e20e4e0d1893c15f7d66c09e9509aca4b311b1c6d24b56ecb19735,target/experiments/admission-trial/independent/seed-6/analysis/hard.partition-admission-isolation/independent-rate4000-pressure.json
independent,independent,4000,PartitionPressure,7,116360,116360,0,120000,3640,0,0,0,,6405000,512,399,3640,6,6,7de7cabd997ba827881d33a5d82c279279d081ca26bef8f83c3493fd6d85a605,5c32e0f7070b9a644c5e3be240e99e8d57b5659d7f221c4be84db95b203052b1,target/experiments/admission-trial/independent/seed-7/analysis/hard.partition-admission-isolation/independent-rate4000-pressure.json
independent,independent,4000,PartitionPressure,8,116363,116363,0,120000,3637,0,0,0,,6405000,512,400,3637,6,6,7de7cabd997ba827881d33a5d82c279279d081ca26bef8f83c3493fd6d85a605,6f1a87ee63a86167a1779f79cd6e98a0e90f8d1ac4770ac9ab9246f5f43733d0,target/experiments/admission-trial/independent/seed-8/analysis/hard.partition-admission-isolation/independent-rate4000-pressure.json
independent,independent,4000,PartitionPressure,9,116364,116364,0,120000,3636,0,0,0,,6405000,512,400,3636,6,6,7de7cabd997ba827881d33a5d82c279279d081ca26bef8f83c3493fd6d85a605,334eb527d817e6cb43579a7f86784b4950c71084a9b0fa3ccebb35d31dfe8576,target/experiments/admission-trial/independent/seed-9/analysis/hard.partition-admission-isolation/independent-rate4000-pressure.json
independent,independent,4000,PartitionPressure,10,116358,116358,0,120000,3642,0,0,0,,6405000,512,399,3642,6,6,7de7cabd997ba827881d33a5d82c279279d081ca26bef8f83c3493fd6d85a605,92301fbe875b2d3af3ef82b07e36fcc353f3566e03491803e21dad9328ea27dd,target/experiments/admission-trial/independent/seed-10/analysis/hard.partition-admission-isolation/independent-rate4000-pressure.json
independent,independent,4000,PartitionPressure,11,116359,116359,0,120000,3641,0,0,0,,6405000,512,400,3641,6,6,7de7cabd997ba827881d33a5d82c279279d081ca26bef8f83c3493fd6d85a605,634c3871cc131990e60934d5ea442f4c33f4cf0f88f6d20e00e68f105219173b,target/experiments/admission-trial/independent/seed-11/analysis/hard.partition-admission-isolation/independent-rate4000-pressure.json
independent,independent,4000,PartitionPressure,12,116360,116360,0,120000,3640,0,0,0,,6405000,512,400,3640,6,6,7de7cabd997ba827881d33a5d82c279279d081ca26bef8f83c3493fd6d85a605,112e62b0149b1b2059fbd30c87eb2c417e46aba07a2f4b1c88e7451b3b76bada,target/experiments/admission-trial/independent/seed-12/analysis/hard.partition-admission-isolation/independent-rate4000-pressure.json
independent,independent,4000,PartitionPressure,13,116368,116368,0,120000,3632,0,0,0,,6405000,512,399,3632,6,6,7de7cabd997ba827881d33a5d82c279279d081ca26bef8f83c3493fd6d85a605,b75338bb208298259c1c364273259a63c2fece9cd218d9027b8673a4121918ce,target/experiments/admission-trial/independent/seed-13/analysis/hard.partition-admission-isolation/independent-rate4000-pressure.json
independent,independent,4000,PartitionPressure,14,116349,116349,0,120000,3651,0,0,0,,6405000,512,400,3651,6,6,7de7cabd997ba827881d33a5d82c279279d081ca26bef8f83c3493fd6d85a605,e177e1b77064e2388763591f686c1f0fdc0f80993347490f2f5b463d3449efcd,target/experiments/admission-trial/independent/seed-14/analysis/hard.partition-admission-isolation/independent-rate4000-pressure.json
independent,independent,4000,PartitionPressure,15,116368,116368,0,120000,3632,0,0,0,,6405000,512,400,3632,6,6,7de7cabd997ba827881d33a5d82c279279d081ca26bef8f83c3493fd6d85a605,8b121b8f382971e22e29e878c0fb34b73fac51708d9b4fc3b625aca0e2784c63,target/experiments/admission-trial/independent/seed-15/analysis/hard.partition-admission-isolation/independent-rate4000-pressure.json
independent,independent,16000,Shared,0,433132,433132,0,480000,46868,0,31004,112,,4035672,512,512,0,6,6,7de7cabd997ba827881d33a5d82c279279d081ca26bef8f83c3493fd6d85a605,f9e041e4da2081852f9684949ede2b733fa378fef2bb967e383365f9866e20d7,target/experiments/admission-trial/independent/seed-0/analysis/hard.partition-admission-isolation/independent-rate16000-shared.json
independent,independent,16000,Shared,1,434006,434006,0,480000,45994,0,30440,56,,4035672,512,512,0,6,6,7de7cabd997ba827881d33a5d82c279279d081ca26bef8f83c3493fd6d85a605,dc66cf936ab0435b29cdee5c0a0d7a7f7833b4a6fd176cf13a0d9631c98c1e09,target/experiments/admission-trial/independent/seed-1/analysis/hard.partition-admission-isolation/independent-rate16000-shared.json
independent,independent,16000,Shared,2,433212,433212,0,480000,46788,0,31013,112,,4035672,512,512,0,6,6,7de7cabd997ba827881d33a5d82c279279d081ca26bef8f83c3493fd6d85a605,3466ba1623957ff70aff93e9135c5b9c600fffa751decdecae138d3b5be09e6e,target/experiments/admission-trial/independent/seed-2/analysis/hard.partition-admission-isolation/independent-rate16000-shared.json
independent,independent,16000,Shared,3,433270,433270,0,480000,46730,0,31004,112,,4035672,512,512,0,6,6,7de7cabd997ba827881d33a5d82c279279d081ca26bef8f83c3493fd6d85a605,e4112e748b7f8b8fc3783d24beaddacd65cf9f23a9f70a1946f177b55220264f,target/experiments/admission-trial/independent/seed-3/analysis/hard.partition-admission-isolation/independent-rate16000-shared.json
independent,independent,16000,Shared,4,433875,433875,0,480000,46125,0,30440,56,,4035672,512,512,0,6,6,7de7cabd997ba827881d33a5d82c279279d081ca26bef8f83c3493fd6d85a605,bdc30af085a46e885b44e86912fb564fc3b1685efe6354307287869708f2fa6c,target/experiments/admission-trial/independent/seed-4/analysis/hard.partition-admission-isolation/independent-rate16000-shared.json
independent,independent,16000,Shared,5,433194,433194,0,480000,46806,0,31013,112,,4035672,512,512,0,6,6,7de7cabd997ba827881d33a5d82c279279d081ca26bef8f83c3493fd6d85a605,5d9349049dd80408650163b57c41f2e0067adf52e2ceb951a9bc1b29aca5843d,target/experiments/admission-trial/independent/seed-5/analysis/hard.partition-admission-isolation/independent-rate16000-shared.json
independent,independent,16000,Shared,6,433438,433438,0,480000,46562,0,31004,112,,4035672,512,512,0,6,6,7de7cabd997ba827881d33a5d82c279279d081ca26bef8f83c3493fd6d85a605,78e6ed83b668add77f43ebf1f637cfe4c1dc3874e8dc2d611f3a59b6900ff98a,target/experiments/admission-trial/independent/seed-6/analysis/hard.partition-admission-isolation/independent-rate16000-shared.json
independent,independent,16000,Shared,7,433947,433947,0,480000,46053,0,30440,56,,4035672,512,512,0,6,6,7de7cabd997ba827881d33a5d82c279279d081ca26bef8f83c3493fd6d85a605,861ba4a35a2b2f02adfc81fa2536dd5b16552e2b1ec28c1811e780a31f54d29d,target/experiments/admission-trial/independent/seed-7/analysis/hard.partition-admission-isolation/independent-rate16000-shared.json
independent,independent,16000,Shared,8,433188,433188,0,480000,46812,0,31013,112,,4035672,512,512,0,6,6,7de7cabd997ba827881d33a5d82c279279d081ca26bef8f83c3493fd6d85a605,75b08e65ae3bf0598976396f66558ec889e04ef1726f6d32355efdf92244b93f,target/experiments/admission-trial/independent/seed-8/analysis/hard.partition-admission-isolation/independent-rate16000-shared.json
independent,independent,16000,Shared,9,433264,433264,0,480000,46736,0,31004,112,,4035672,512,512,0,6,6,7de7cabd997ba827881d33a5d82c279279d081ca26bef8f83c3493fd6d85a605,55f0316d77494e1fb8a6ffd4df45d6bc1835448c781a0ef8c0cb3f333a73581b,target/experiments/admission-trial/independent/seed-9/analysis/hard.partition-admission-isolation/independent-rate16000-shared.json
independent,independent,16000,Shared,10,433976,433976,0,480000,46024,0,30440,56,,4035672,512,512,0,6,6,7de7cabd997ba827881d33a5d82c279279d081ca26bef8f83c3493fd6d85a605,08c382a38d1ee069854de485c6fd88d99ddaadf769d32bff30e173f97e50cc08,target/experiments/admission-trial/independent/seed-10/analysis/hard.partition-admission-isolation/independent-rate16000-shared.json
independent,independent,16000,Shared,11,433398,433398,0,480000,46602,0,31013,112,,4035672,512,512,0,6,6,7de7cabd997ba827881d33a5d82c279279d081ca26bef8f83c3493fd6d85a605,47594f0f77cdf82063ca35c9f944e15f43e483eec51e17588b2e52c5f0354024,target/experiments/admission-trial/independent/seed-11/analysis/hard.partition-admission-isolation/independent-rate16000-shared.json
independent,independent,16000,Shared,12,433366,433366,0,480000,46634,0,31004,112,,4035672,512,512,0,6,6,7de7cabd997ba827881d33a5d82c279279d081ca26bef8f83c3493fd6d85a605,ad85881ab753e208c957575c4a835a922c2bfbe4f9d7f107254cb9be0672b3c7,target/experiments/admission-trial/independent/seed-12/analysis/hard.partition-admission-isolation/independent-rate16000-shared.json
independent,independent,16000,Shared,13,433941,433941,0,480000,46059,0,30440,56,,4035672,512,512,0,6,6,7de7cabd997ba827881d33a5d82c279279d081ca26bef8f83c3493fd6d85a605,c26b1a94be9f4ee8d6aece29bc3cca7e0ddd5a4ce25e1ae5d819c163a65df38c,target/experiments/admission-trial/independent/seed-13/analysis/hard.partition-admission-isolation/independent-rate16000-shared.json
independent,independent,16000,Shared,14,433272,433272,0,480000,46728,0,31013,112,,4035672,512,512,0,6,6,7de7cabd997ba827881d33a5d82c279279d081ca26bef8f83c3493fd6d85a605,508f655300bf3dcb43eb9220260f06cf88808f08ba716e6b464e62cbf0a4c229,target/experiments/admission-trial/independent/seed-14/analysis/hard.partition-admission-isolation/independent-rate16000-shared.json
independent,independent,16000,Shared,15,433426,433426,0,480000,46574,0,31004,112,,4035672,512,512,0,6,6,7de7cabd997ba827881d33a5d82c279279d081ca26bef8f83c3493fd6d85a605,103145151cdf2aa0d1cb788a78c703c609cd98890ab3b9190a7ded626b2b799d,target/experiments/admission-trial/independent/seed-15/analysis/hard.partition-admission-isolation/independent-rate16000-shared.json
independent,independent,16000,PartitionPressure,0,464268,464268,0,480000,15732,0,0,0,,4035672,512,408,15732,6,6,7de7cabd997ba827881d33a5d82c279279d081ca26bef8f83c3493fd6d85a605,6522df6bf45405e9ece5b9cb488f03cfe7c2619d295525e6f2b5b6ae9b1d7856,target/experiments/admission-trial/independent/seed-0/analysis/hard.partition-admission-isolation/independent-rate16000-pressure.json
independent,independent,16000,PartitionPressure,1,464339,464339,0,480000,15661,0,0,0,,4035672,512,407,15661,6,6,7de7cabd997ba827881d33a5d82c279279d081ca26bef8f83c3493fd6d85a605,a3fcb28c1337a82e9ea3f112b37cde36d395608169ed76a3ea8a6b54e32468c2,target/experiments/admission-trial/independent/seed-1/analysis/hard.partition-admission-isolation/independent-rate16000-pressure.json
independent,independent,16000,PartitionPressure,2,464310,464310,0,480000,15690,0,0,0,,4035672,512,408,15690,6,6,7de7cabd997ba827881d33a5d82c279279d081ca26bef8f83c3493fd6d85a605,9c444b36b33a4e9855022bac07cb773f6a275b8a823aaa08b07cbc234fb7e54c,target/experiments/admission-trial/independent/seed-2/analysis/hard.partition-admission-isolation/independent-rate16000-pressure.json
independent,independent,16000,PartitionPressure,3,464312,464312,0,480000,15688,0,0,0,,4035672,512,408,15688,6,6,7de7cabd997ba827881d33a5d82c279279d081ca26bef8f83c3493fd6d85a605,ef6233a731c69272451bde7f3568a22879cb0a35ce9528f385a0f93d01141c93,target/experiments/admission-trial/independent/seed-3/analysis/hard.partition-admission-isolation/independent-rate16000-pressure.json
independent,independent,16000,PartitionPressure,4,464245,464245,0,480000,15755,0,0,0,,4035672,512,407,15755,6,6,7de7cabd997ba827881d33a5d82c279279d081ca26bef8f83c3493fd6d85a605,7c2da03e279702bafc368ebf6d57c04c98e4529e84fff856606954291b6044b3,target/experiments/admission-trial/independent/seed-4/analysis/hard.partition-admission-isolation/independent-rate16000-pressure.json
independent,independent,16000,PartitionPressure,5,464258,464258,0,480000,15742,0,0,0,,4035672,512,408,15742,6,6,7de7cabd997ba827881d33a5d82c279279d081ca26bef8f83c3493fd6d85a605,24642c372cf3faf875aae8a0581115a6ffd7d265a1bdfd85ce53168804b4d975,target/experiments/admission-trial/independent/seed-5/analysis/hard.partition-admission-isolation/independent-rate16000-pressure.json
independent,independent,16000,PartitionPressure,6,464284,464284,0,480000,15716,0,0,0,,4035672,512,408,15716,6,6,7de7cabd997ba827881d33a5d82c279279d081ca26bef8f83c3493fd6d85a605,5ff87b209e87f956edebd665ed5a5ba22ba223260fc82ea60dfeb4a859b9e3b6,target/experiments/admission-trial/independent/seed-6/analysis/hard.partition-admission-isolation/independent-rate16000-pressure.json
independent,independent,16000,PartitionPressure,7,464333,464333,0,480000,15667,0,0,0,,4035672,512,407,15667,6,6,7de7cabd997ba827881d33a5d82c279279d081ca26bef8f83c3493fd6d85a605,0bba5d6eb942955e0bb6155285ab5f13ec8cdf6ab391735bfc56df7e4e469a82,target/experiments/admission-trial/independent/seed-7/analysis/hard.partition-admission-isolation/independent-rate16000-pressure.json
independent,independent,16000,PartitionPressure,8,464292,464292,0,480000,15708,0,0,0,,4035672,512,408,15708,6,6,7de7cabd997ba827881d33a5d82c279279d081ca26bef8f83c3493fd6d85a605,fa4b339eb6f902d1edc7981363979f8f58040ccb821c32196f962cae6729960c,target/experiments/admission-trial/independent/seed-8/analysis/hard.partition-admission-isolation/independent-rate16000-pressure.json
independent,independent,16000,PartitionPressure,9,464286,464286,0,480000,15714,0,0,0,,4035672,512,408,15714,6,6,7de7cabd997ba827881d33a5d82c279279d081ca26bef8f83c3493fd6d85a605,46bf3b000765cfd5975e862cbb0b0aa0e5f84e1226d3d8a5b1214f972b3d5745,target/experiments/admission-trial/independent/seed-9/analysis/hard.partition-admission-isolation/independent-rate16000-pressure.json
independent,independent,16000,PartitionPressure,10,464335,464335,0,480000,15665,0,0,0,,4035672,512,407,15665,6,6,7de7cabd997ba827881d33a5d82c279279d081ca26bef8f83c3493fd6d85a605,252c62f9764ff486cb7a31e061f3f4dc7bb4c5b944745942e5e7e7d5c9d12494,target/experiments/admission-trial/independent/seed-10/analysis/hard.partition-admission-isolation/independent-rate16000-pressure.json
independent,independent,16000,PartitionPressure,11,464276,464276,0,480000,15724,0,0,0,,4035672,512,408,15724,6,6,7de7cabd997ba827881d33a5d82c279279d081ca26bef8f83c3493fd6d85a605,c9cb5336953872e9c225e44935867f0a672432e758208afc61a8e5a0ba8fad67,target/experiments/admission-trial/independent/seed-11/analysis/hard.partition-admission-isolation/independent-rate16000-pressure.json
independent,independent,16000,PartitionPressure,12,464298,464298,0,480000,15702,0,0,0,,4035672,512,408,15702,6,6,7de7cabd997ba827881d33a5d82c279279d081ca26bef8f83c3493fd6d85a605,a6b9179ebc1920445002881e5f70d5a7e365922f138abfef51a35091cc9cfda3,target/experiments/admission-trial/independent/seed-12/analysis/hard.partition-admission-isolation/independent-rate16000-pressure.json
independent,independent,16000,PartitionPressure,13,464337,464337,0,480000,15663,0,0,0,,4035672,512,407,15663,6,6,7de7cabd997ba827881d33a5d82c279279d081ca26bef8f83c3493fd6d85a605,f96740f0ea7180d895333d2efd097caa73014728ef88927d4a5e80cb731f4bb2,target/experiments/admission-trial/independent/seed-13/analysis/hard.partition-admission-isolation/independent-rate16000-pressure.json
independent,independent,16000,PartitionPressure,14,464334,464334,0,480000,15666,0,0,0,,4035672,512,408,15666,6,6,7de7cabd997ba827881d33a5d82c279279d081ca26bef8f83c3493fd6d85a605,703e3f65e469ebe8a67d74fc72107779e264fa7464096083b481985804cec0e7,target/experiments/admission-trial/independent/seed-14/analysis/hard.partition-admission-isolation/independent-rate16000-pressure.json
independent,independent,16000,PartitionPressure,15,464306,464306,0,480000,15694,0,0,0,,4035672,512,408,15694,6,6,7de7cabd997ba827881d33a5d82c279279d081ca26bef8f83c3493fd6d85a605,bb2ab2ad1ffc431f4f5346a2fb57a1feb8d279218a4d364621e6de5114eff2db,target/experiments/admission-trial/independent/seed-15/analysis/hard.partition-admission-isolation/independent-rate16000-pressure.json
original,original,1000,Shared,0,28913,28913,0,30000,1087,0,792,40,,1925453178,512,512,0,6,6,7de7cabd997ba827881d33a5d82c279279d081ca26bef8f83c3493fd6d85a605,4475d7f8d9dd5ac5edbda4767aa3e4178647d9c3a37ee85734ff99c24fff1224,target/experiments/admission-trial/original/shared/seed-0/analysis/hard.crash-restart-open/rate1000.json
original,original,1000,Shared,1,28913,28913,0,30000,1087,0,792,40,,1925400962,512,512,0,6,6,7de7cabd997ba827881d33a5d82c279279d081ca26bef8f83c3493fd6d85a605,7c46cf07b35d3a7c71b00daddb1323a374da2b8acc64c8d58b241e6bf6ae4ac9,target/experiments/admission-trial/original/shared/seed-1/analysis/hard.crash-restart-open/rate1000.json
original,original,1000,Shared,2,28916,28916,0,30000,1084,0,792,40,,1929726265,512,512,0,6,6,7de7cabd997ba827881d33a5d82c279279d081ca26bef8f83c3493fd6d85a605,4518511a53554ebd36a4d87679e34f76806f51f4d30021a73849fb476fdac772,target/experiments/admission-trial/original/shared/seed-2/analysis/hard.crash-restart-open/rate1000.json
original,original,1000,Shared,3,28917,28917,0,30000,1083,0,792,40,,1921049393,512,512,0,6,6,7de7cabd997ba827881d33a5d82c279279d081ca26bef8f83c3493fd6d85a605,87320648fbaaf67ccb3622fce549e04715af00de51a9cad9067c7e87d016cef0,target/experiments/admission-trial/original/shared/seed-3/analysis/hard.crash-restart-open/rate1000.json
original,original,1000,Shared,4,28901,28901,0,30000,1099,0,792,40,,1937927332,512,512,0,6,6,7de7cabd997ba827881d33a5d82c279279d081ca26bef8f83c3493fd6d85a605,71328e6b160384ac1124f1cff9fca1c85cfba5a09ca6f602d54741eef2d51fc2,target/experiments/admission-trial/original/shared/seed-4/analysis/hard.crash-restart-open/rate1000.json
original,original,1000,Shared,5,28911,28911,0,30000,1089,0,792,40,,1927512814,512,512,0,6,6,7de7cabd997ba827881d33a5d82c279279d081ca26bef8f83c3493fd6d85a605,0962bf411b323754117db6f64eebe92ced6e5d6d23d7e14181590e446b531ecd,target/experiments/admission-trial/original/shared/seed-5/analysis/hard.crash-restart-open/rate1000.json
original,original,1000,Shared,6,28907,28907,0,30000,1093,0,792,40,,1931855597,512,512,0,6,6,7de7cabd997ba827881d33a5d82c279279d081ca26bef8f83c3493fd6d85a605,2cab5229f251709d56d702f3915e0d0795ec57fa779683f8f7444bc7460facad,target/experiments/admission-trial/original/shared/seed-6/analysis/hard.crash-restart-open/rate1000.json
original,original,1000,Shared,7,28911,28911,0,30000,1089,0,792,40,,1938323453,512,512,0,6,6,7de7cabd997ba827881d33a5d82c279279d081ca26bef8f83c3493fd6d85a605,8585b4a8d729f8df364e37a80e0bb896747fb0fb3bcd34fabadb3b7e689b5b3c,target/experiments/admission-trial/original/shared/seed-7/analysis/hard.crash-restart-open/rate1000.json
original,original,1000,Shared,8,28914,28914,0,30000,1086,0,792,40,,1935762229,512,512,0,6,6,7de7cabd997ba827881d33a5d82c279279d081ca26bef8f83c3493fd6d85a605,7fc4113ddfc2c25fcc7f1520f991ba17654abc5d10e29f4e725d2c2568229e37,target/experiments/admission-trial/original/shared/seed-8/analysis/hard.crash-restart-open/rate1000.json
original,original,1000,Shared,9,28917,28917,0,30000,1083,0,792,40,,1921716319,512,512,0,6,6,7de7cabd997ba827881d33a5d82c279279d081ca26bef8f83c3493fd6d85a605,a80c719f6528867f680a3228409e46e6a1def5b7e7d89c085204680817e31617,target/experiments/admission-trial/original/shared/seed-9/analysis/hard.crash-restart-open/rate1000.json
original,original,1000,Shared,10,28903,28903,0,30000,1097,0,792,40,,1940167045,512,512,0,6,6,7de7cabd997ba827881d33a5d82c279279d081ca26bef8f83c3493fd6d85a605,42c3e38871093bfddf4ccbe3fdab22d2ed292fed4f6867cb407aebc3e07ad82c,target/experiments/admission-trial/original/shared/seed-10/analysis/hard.crash-restart-open/rate1000.json
original,original,1000,Shared,11,28911,28911,0,30000,1089,0,792,40,,1927517135,512,512,0,6,6,7de7cabd997ba827881d33a5d82c279279d081ca26bef8f83c3493fd6d85a605,eb19b499af9310ad563331b1f25c2aabef4ddb8afd1499e3157cc7404e078376,target/experiments/admission-trial/original/shared/seed-11/analysis/hard.crash-restart-open/rate1000.json
original,original,1000,Shared,12,28909,28909,0,30000,1091,0,792,40,,1929901964,512,512,0,6,6,7de7cabd997ba827881d33a5d82c279279d081ca26bef8f83c3493fd6d85a605,03645dc0d58a0f2adb7b3a18d4341366cbc4756f4d1143f65c62b3d5acdaf2f6,target/experiments/admission-trial/original/shared/seed-12/analysis/hard.crash-restart-open/rate1000.json
original,original,1000,Shared,13,28906,28906,0,30000,1094,0,792,40,,1934650330,512,512,0,6,6,7de7cabd997ba827881d33a5d82c279279d081ca26bef8f83c3493fd6d85a605,6bd6082f383a3e916624fc61351b4b1722ce779a630ba27163903746e012643b,target/experiments/admission-trial/original/shared/seed-13/analysis/hard.crash-restart-open/rate1000.json
original,original,1000,Shared,14,28911,28911,0,30000,1089,0,792,40,,1927444227,512,512,0,6,6,7de7cabd997ba827881d33a5d82c279279d081ca26bef8f83c3493fd6d85a605,6b2dcdee3763028594f0d871da27a8f114a3ff66edeee054600a0a8d86badc56,target/experiments/admission-trial/original/shared/seed-14/analysis/hard.crash-restart-open/rate1000.json
original,original,1000,Shared,15,28912,28912,0,30000,1088,0,792,40,,1926651500,512,512,0,6,6,7de7cabd997ba827881d33a5d82c279279d081ca26bef8f83c3493fd6d85a605,6963ccf1130896414f8b7ee1dac806d065879399212dbd4d697187c155ddfd38,target/experiments/admission-trial/original/shared/seed-15/analysis/hard.crash-restart-open/rate1000.json
original,original,1000,PartitionPressure,0,29589,29589,0,30000,411,0,0,0,,1899287231,512,396,411,6,6,7de7cabd997ba827881d33a5d82c279279d081ca26bef8f83c3493fd6d85a605,33f7c77cf4501353d80c18f75a851bf9d40d15f617788e0d10f6f68684d863ec,target/experiments/admission-trial/original/partition-pressure/seed-0/analysis/hard.crash-restart-open/rate1000.json
original,original,1000,PartitionPressure,1,29589,29589,0,30000,411,0,0,0,,1897338169,512,396,411,6,6,7de7cabd997ba827881d33a5d82c279279d081ca26bef8f83c3493fd6d85a605,09ad5e40131759880dd50a90996770866da96a1930200661597f6cb804cf98e3,target/experiments/admission-trial/original/partition-pressure/seed-1/analysis/hard.crash-restart-open/rate1000.json
original,original,1000,PartitionPressure,2,29589,29589,0,30000,411,0,0,0,,1898248422,512,396,411,6,6,7de7cabd997ba827881d33a5d82c279279d081ca26bef8f83c3493fd6d85a605,8f87af2333c9a10283418b00b537a126b565aefb8eb8c982183d9c0d07798690,target/experiments/admission-trial/original/partition-pressure/seed-2/analysis/hard.crash-restart-open/rate1000.json
original,original,1000,PartitionPressure,3,29589,29589,0,30000,411,0,0,0,,1901204613,512,396,411,6,6,7de7cabd997ba827881d33a5d82c279279d081ca26bef8f83c3493fd6d85a605,22ab65f5be4cc98e33f43b616fcb6097e96e9a24ee2f3c79fa06220095393e4e,target/experiments/admission-trial/original/partition-pressure/seed-3/analysis/hard.crash-restart-open/rate1000.json
original,original,1000,PartitionPressure,4,29589,29589,0,30000,411,0,0,0,,1901682010,512,396,411,6,6,7de7cabd997ba827881d33a5d82c279279d081ca26bef8f83c3493fd6d85a605,7b9ec7b21222acfe2ef92cd5322475f17589bbf7aa1e4e7275b53c6eb302206c,target/experiments/admission-trial/original/partition-pressure/seed-4/analysis/hard.crash-restart-open/rate1000.json
original,original,1000,PartitionPressure,5,29589,29589,0,30000,411,0,0,0,,1904428679,512,396,411,6,6,7de7cabd997ba827881d33a5d82c279279d081ca26bef8f83c3493fd6d85a605,80515aa8331a6028b120d66c17faee3e2b9d77a8c9dfa7dedf82dd92ebf0b8c4,target/experiments/admission-trial/original/partition-pressure/seed-5/analysis/hard.crash-restart-open/rate1000.json
original,original,1000,PartitionPressure,6,29589,29589,0,30000,411,0,0,0,,1899568450,512,396,411,6,6,7de7cabd997ba827881d33a5d82c279279d081ca26bef8f83c3493fd6d85a605,20c8f9cda373d98ae1b7a1cae19ed9cf06caa23c36143f33f1d0a5d23eff3020,target/experiments/admission-trial/original/partition-pressure/seed-6/analysis/hard.crash-restart-open/rate1000.json
original,original,1000,PartitionPressure,7,29589,29589,0,30000,411,0,0,0,,1902320651,512,396,411,6,6,7de7cabd997ba827881d33a5d82c279279d081ca26bef8f83c3493fd6d85a605,13e22e1cd548297320ddc60b1497cd112a60d8ac12f8b1e63165a254e45598cd,target/experiments/admission-trial/original/partition-pressure/seed-7/analysis/hard.crash-restart-open/rate1000.json
original,original,1000,PartitionPressure,8,29589,29589,0,30000,411,0,0,0,,1896368457,512,396,411,6,6,7de7cabd997ba827881d33a5d82c279279d081ca26bef8f83c3493fd6d85a605,e61bbd3d9c0efaf5c39c0b0bf5cffad51942c1fcc58d2beed0489b6a9aee836c,target/experiments/admission-trial/original/partition-pressure/seed-8/analysis/hard.crash-restart-open/rate1000.json
original,original,1000,PartitionPressure,9,29589,29589,0,30000,411,0,0,0,,1902140994,512,396,411,6,6,7de7cabd997ba827881d33a5d82c279279d081ca26bef8f83c3493fd6d85a605,50f53c4f4de2d85bdad2cc07e3ea625080e3865a57815f4cadbfb4c9eb90cb32,target/experiments/admission-trial/original/partition-pressure/seed-9/analysis/hard.crash-restart-open/rate1000.json
original,original,1000,PartitionPressure,10,29589,29589,0,30000,411,0,0,0,,1901005404,512,396,411,6,6,7de7cabd997ba827881d33a5d82c279279d081ca26bef8f83c3493fd6d85a605,1e7a3ad775d7d820eae72e455c152d3fe5060da486183120fbb64d1b98702384,target/experiments/admission-trial/original/partition-pressure/seed-10/analysis/hard.crash-restart-open/rate1000.json
original,original,1000,PartitionPressure,11,29589,29589,0,30000,411,0,0,0,,1898730477,512,396,411,6,6,7de7cabd997ba827881d33a5d82c279279d081ca26bef8f83c3493fd6d85a605,e27810c21977f2799f1c78ed2a435b91a00f900d65ed1abaa439176c6879ed7b,target/experiments/admission-trial/original/partition-pressure/seed-11/analysis/hard.crash-restart-open/rate1000.json
original,original,1000,PartitionPressure,12,29589,29589,0,30000,411,0,0,0,,1896938761,512,396,411,6,6,7de7cabd997ba827881d33a5d82c279279d081ca26bef8f83c3493fd6d85a605,bfaa856687bd526ba36d5f98e94080c1aed16e0463b2ad6d8d0d86cccfd4a3fe,target/experiments/admission-trial/original/partition-pressure/seed-12/analysis/hard.crash-restart-open/rate1000.json
original,original,1000,PartitionPressure,13,29589,29589,0,30000,411,0,0,0,,1897324916,512,396,411,6,6,7de7cabd997ba827881d33a5d82c279279d081ca26bef8f83c3493fd6d85a605,b14dcc39bb7a2dad7c9c713549d0ea544eb0c8eba9754bd79492f7239e193d12,target/experiments/admission-trial/original/partition-pressure/seed-13/analysis/hard.crash-restart-open/rate1000.json
original,original,1000,PartitionPressure,14,29589,29589,0,30000,411,0,0,0,,1901833903,512,396,411,6,6,7de7cabd997ba827881d33a5d82c279279d081ca26bef8f83c3493fd6d85a605,75f2fdfc033f32438456699d5a218260171c9834e03bd485e0533d52d9667eaa,target/experiments/admission-trial/original/partition-pressure/seed-14/analysis/hard.crash-restart-open/rate1000.json
original,original,1000,PartitionPressure,15,29589,29589,0,30000,411,0,0,0,,1906650859,512,396,411,6,6,7de7cabd997ba827881d33a5d82c279279d081ca26bef8f83c3493fd6d85a605,ad7d97f72a6c269663a9798338003cae00791fee8ff64d925667483b79d6bdc3,target/experiments/admission-trial/original/partition-pressure/seed-15/analysis/hard.crash-restart-open/rate1000.json
original,original,4000,Shared,0,109885,109885,0,120000,10115,0,7416,97,,6405000,512,512,0,6,6,7de7cabd997ba827881d33a5d82c279279d081ca26bef8f83c3493fd6d85a605,c3265ad55c643532152f8568c8ca3a38ca454da0f2c329be233e54c9146d9113,target/experiments/admission-trial/original/shared/seed-0/analysis/hard.crash-restart-open/rate4000.json
original,original,4000,Shared,1,109895,109895,0,120000,10105,0,7416,97,,6405000,512,512,0,6,6,7de7cabd997ba827881d33a5d82c279279d081ca26bef8f83c3493fd6d85a605,d65c1d6739153a5f1e6519eaa1d0d47554df23fbd0b3a9e3b83605be0b7a6989,target/experiments/admission-trial/original/shared/seed-1/analysis/hard.crash-restart-open/rate4000.json
original,original,4000,Shared,2,109881,109881,0,120000,10119,0,7416,97,,6405000,512,512,0,6,6,7de7cabd997ba827881d33a5d82c279279d081ca26bef8f83c3493fd6d85a605,b480de8c7a9b0bd9e5da71a1cb729c99ee718887fe7b6b33008530cfffbae705,target/experiments/admission-trial/original/shared/seed-2/analysis/hard.crash-restart-open/rate4000.json
original,original,4000,Shared,3,109874,109874,0,120000,10126,0,7416,97,,6405000,512,512,0,6,6,7de7cabd997ba827881d33a5d82c279279d081ca26bef8f83c3493fd6d85a605,844ee9b2428d24bdce6e5e3df9fed24677e26b5d232d52b6923a2424b765d7f0,target/experiments/admission-trial/original/shared/seed-3/analysis/hard.crash-restart-open/rate4000.json
original,original,4000,Shared,4,109881,109881,0,120000,10119,0,7416,97,,6405000,512,512,0,6,6,7de7cabd997ba827881d33a5d82c279279d081ca26bef8f83c3493fd6d85a605,b5480554ba15cd2c82372e96f118a0987b52bb5182527e3eb82bb4d39ff92bf5,target/experiments/admission-trial/original/shared/seed-4/analysis/hard.crash-restart-open/rate4000.json
original,original,4000,Shared,5,109872,109872,0,120000,10128,0,7416,97,,6405000,512,512,0,6,6,7de7cabd997ba827881d33a5d82c279279d081ca26bef8f83c3493fd6d85a605,2fc2d2a7fc13dfddd212e47ea44af655d3cc23defbe46c88849148b758fd4ce2,target/experiments/admission-trial/original/shared/seed-5/analysis/hard.crash-restart-open/rate4000.json
original,original,4000,Shared,6,109882,109882,0,120000,10118,0,7416,97,,6405000,512,512,0,6,6,7de7cabd997ba827881d33a5d82c279279d081ca26bef8f83c3493fd6d85a605,9ed12ad43fac83b12b54e07abb110b2e122b6d763c6e23dd88da3a873f0a9188,target/experiments/admission-trial/original/shared/seed-6/analysis/hard.crash-restart-open/rate4000.json
original,original,4000,Shared,7,109849,109849,0,120000,10151,0,7416,97,,6405000,512,512,0,6,6,7de7cabd997ba827881d33a5d82c279279d081ca26bef8f83c3493fd6d85a605,5b303b245505d663372bfac8259d317bb747f3d256cf36199e1d37a6b439cdc5,target/experiments/admission-trial/original/shared/seed-7/analysis/hard.crash-restart-open/rate4000.json
original,original,4000,Shared,8,109874,109874,0,120000,10126,0,7416,97,,6405000,512,512,0,6,6,7de7cabd997ba827881d33a5d82c279279d081ca26bef8f83c3493fd6d85a605,280717e113fe8bd1051569279f1875deae40c051beade737e0ee045c16a7e82a,target/experiments/admission-trial/original/shared/seed-8/analysis/hard.crash-restart-open/rate4000.json
original,original,4000,Shared,9,109863,109863,0,120000,10137,0,7416,97,,6405000,512,512,0,6,6,7de7cabd997ba827881d33a5d82c279279d081ca26bef8f83c3493fd6d85a605,b0688075b19f1729b4b7c0da42d0c5e263acaa83b90d62d4b483bd194379baaa,target/experiments/admission-trial/original/shared/seed-9/analysis/hard.crash-restart-open/rate4000.json
original,original,4000,Shared,10,109865,109865,0,120000,10135,0,7416,97,,6405000,512,512,0,6,6,7de7cabd997ba827881d33a5d82c279279d081ca26bef8f83c3493fd6d85a605,458170247168e60d57a19a54ff8808a4ae2f5d95b7300d1cbb91d9a93c64263d,target/experiments/admission-trial/original/shared/seed-10/analysis/hard.crash-restart-open/rate4000.json
original,original,4000,Shared,11,109848,109848,0,120000,10152,0,7416,97,,6405000,512,512,0,6,6,7de7cabd997ba827881d33a5d82c279279d081ca26bef8f83c3493fd6d85a605,9c6f6d093d486c8190744a40e92cb331c191eb21f17a0b852422b80a8bfcc193,target/experiments/admission-trial/original/shared/seed-11/analysis/hard.crash-restart-open/rate4000.json
original,original,4000,Shared,12,109880,109880,0,120000,10120,0,7416,97,,6405000,512,512,0,6,6,7de7cabd997ba827881d33a5d82c279279d081ca26bef8f83c3493fd6d85a605,abbaa23f6ed1ecbfdfde810dba1b98ab3c0ac596c82efb5e18db9c781eb48831,target/experiments/admission-trial/original/shared/seed-12/analysis/hard.crash-restart-open/rate4000.json
original,original,4000,Shared,13,109848,109848,0,120000,10152,0,7416,97,,6405000,512,512,0,6,6,7de7cabd997ba827881d33a5d82c279279d081ca26bef8f83c3493fd6d85a605,b394e16bbaa5fd42d2806f108aee06c9126b23a07af4198c07cf1ea3be7a0d63,target/experiments/admission-trial/original/shared/seed-13/analysis/hard.crash-restart-open/rate4000.json
original,original,4000,Shared,14,109884,109884,0,120000,10116,0,7416,97,,6405000,512,512,0,6,6,7de7cabd997ba827881d33a5d82c279279d081ca26bef8f83c3493fd6d85a605,fc8d359299e2064ec221b8b2362058bd94ad21a8c0c63ec991818a3e87a3fb71,target/experiments/admission-trial/original/shared/seed-14/analysis/hard.crash-restart-open/rate4000.json
original,original,4000,Shared,15,109875,109875,0,120000,10125,0,7416,97,,6405000,512,512,0,6,6,7de7cabd997ba827881d33a5d82c279279d081ca26bef8f83c3493fd6d85a605,61ec1ad6894e7d6a39afbff77cbf3f9491df6b44d3c6a42d8a479619657e8f1f,target/experiments/admission-trial/original/shared/seed-15/analysis/hard.crash-restart-open/rate4000.json
original,original,4000,PartitionPressure,0,117189,117189,0,120000,2811,0,0,0,,6405000,512,406,2811,6,6,7de7cabd997ba827881d33a5d82c279279d081ca26bef8f83c3493fd6d85a605,05730857e10cd1eb30a81f014f336dc399a78adf9e635f22f1167060f2c02620,target/experiments/admission-trial/original/partition-pressure/seed-0/analysis/hard.crash-restart-open/rate4000.json
original,original,4000,PartitionPressure,1,117185,117185,0,120000,2815,0,0,0,,6405000,512,406,2815,6,6,7de7cabd997ba827881d33a5d82c279279d081ca26bef8f83c3493fd6d85a605,9282a379042dcba5a6e9ca34b9169d604dc370df1b2943ac5bf15c087f8ede9c,target/experiments/admission-trial/original/partition-pressure/seed-1/analysis/hard.crash-restart-open/rate4000.json
original,original,4000,PartitionPressure,2,117189,117189,0,120000,2811,0,0,0,,6405000,512,406,2811,6,6,7de7cabd997ba827881d33a5d82c279279d081ca26bef8f83c3493fd6d85a605,0dbe98afe0cb04de3f8fe6796c8e6fc31db071c9d4c6d0444dcc79b4457cac7a,target/experiments/admission-trial/original/partition-pressure/seed-2/analysis/hard.crash-restart-open/rate4000.json
original,original,4000,PartitionPressure,3,117174,117174,0,120000,2826,0,0,0,,6405000,512,406,2826,6,6,7de7cabd997ba827881d33a5d82c279279d081ca26bef8f83c3493fd6d85a605,4f473e0109ef5954bb8f9a9aec400d4846afddf4c9a9d29b8acb3a918f7e57f4,target/experiments/admission-trial/original/partition-pressure/seed-3/analysis/hard.crash-restart-open/rate4000.json
original,original,4000,PartitionPressure,4,117185,117185,0,120000,2815,0,0,0,,6405000,512,406,2815,6,6,7de7cabd997ba827881d33a5d82c279279d081ca26bef8f83c3493fd6d85a605,35d9df607ac366905d6b0c71bd20a59b4dd249969187ddc8790c9c1eda139d0b,target/experiments/admission-trial/original/partition-pressure/seed-4/analysis/hard.crash-restart-open/rate4000.json
original,original,4000,PartitionPressure,5,117180,117180,0,120000,2820,0,0,0,,6405000,512,406,2820,6,6,7de7cabd997ba827881d33a5d82c279279d081ca26bef8f83c3493fd6d85a605,d3541b75b8f465b0b71d51b365018d83b15ad369ee1d4d72ecafcaf7edb11adf,target/experiments/admission-trial/original/partition-pressure/seed-5/analysis/hard.crash-restart-open/rate4000.json
original,original,4000,PartitionPressure,6,117179,117179,0,120000,2821,0,0,0,,6405000,512,406,2821,6,6,7de7cabd997ba827881d33a5d82c279279d081ca26bef8f83c3493fd6d85a605,54846048acc3ccf9d23a958ad7c06b8c3726543c3fd4bf05d236d6e4e5fd8c25,target/experiments/admission-trial/original/partition-pressure/seed-6/analysis/hard.crash-restart-open/rate4000.json
original,original,4000,PartitionPressure,7,117180,117180,0,120000,2820,0,0,0,,6405000,512,406,2820,6,6,7de7cabd997ba827881d33a5d82c279279d081ca26bef8f83c3493fd6d85a605,cf5da19ea113da1bda4dfb7eeae9a76fe13a4f7c2778300748a2cbcea9056278,target/experiments/admission-trial/original/partition-pressure/seed-7/analysis/hard.crash-restart-open/rate4000.json
original,original,4000,PartitionPressure,8,117176,117176,0,120000,2824,0,0,0,,6405000,512,406,2824,6,6,7de7cabd997ba827881d33a5d82c279279d081ca26bef8f83c3493fd6d85a605,fb8b5bffd735b2648ee87025bcc201231738de6e144df74e0f9ff8443128546e,target/experiments/admission-trial/original/partition-pressure/seed-8/analysis/hard.crash-restart-open/rate4000.json
original,original,4000,PartitionPressure,9,117176,117176,0,120000,2824,0,0,0,,6405000,512,406,2824,6,6,7de7cabd997ba827881d33a5d82c279279d081ca26bef8f83c3493fd6d85a605,fc603ae6316c46e59ab8bec45d4d0e49d7815179c2709cdffca6ecf7b3714715,target/experiments/admission-trial/original/partition-pressure/seed-9/analysis/hard.crash-restart-open/rate4000.json
original,original,4000,PartitionPressure,10,117180,117180,0,120000,2820,0,0,0,,6405000,512,406,2820,6,6,7de7cabd997ba827881d33a5d82c279279d081ca26bef8f83c3493fd6d85a605,ce9b04c7b87bfce1fdf36b79eabe3e43e6a29a4a78c8493808b05b8e0799a3a2,target/experiments/admission-trial/original/partition-pressure/seed-10/analysis/hard.crash-restart-open/rate4000.json
original,original,4000,PartitionPressure,11,117169,117169,0,120000,2831,0,0,0,,6405000,512,406,2831,6,6,7de7cabd997ba827881d33a5d82c279279d081ca26bef8f83c3493fd6d85a605,fb4d1eefdd1260e6ae929c3a7ea4d87c8508e8adee90be1fef1a9a2f8fd3713d,target/experiments/admission-trial/original/partition-pressure/seed-11/analysis/hard.crash-restart-open/rate4000.json
original,original,4000,PartitionPressure,12,117182,117182,0,120000,2818,0,0,0,,6405000,512,406,2818,6,6,7de7cabd997ba827881d33a5d82c279279d081ca26bef8f83c3493fd6d85a605,215c4c99ebfc4b44b761b6e072ef8ab2d507babdaf85c6d3fffae52d15a30059,target/experiments/admission-trial/original/partition-pressure/seed-12/analysis/hard.crash-restart-open/rate4000.json
original,original,4000,PartitionPressure,13,117173,117173,0,120000,2827,0,0,0,,6405000,512,406,2827,6,6,7de7cabd997ba827881d33a5d82c279279d081ca26bef8f83c3493fd6d85a605,1f936631925b962d9400fcc3b5a55119c061cb9a43966663251401ecec3eaf75,target/experiments/admission-trial/original/partition-pressure/seed-13/analysis/hard.crash-restart-open/rate4000.json
original,original,4000,PartitionPressure,14,117188,117188,0,120000,2812,0,0,0,,6405000,512,406,2812,6,6,7de7cabd997ba827881d33a5d82c279279d081ca26bef8f83c3493fd6d85a605,33b6ce80808920f68e50bbdbc528dc8c12b1f7948a9632732bbfa57d0fde99df,target/experiments/admission-trial/original/partition-pressure/seed-14/analysis/hard.crash-restart-open/rate4000.json
original,original,4000,PartitionPressure,15,117183,117183,0,120000,2817,0,0,0,,6405000,512,406,2817,6,6,7de7cabd997ba827881d33a5d82c279279d081ca26bef8f83c3493fd6d85a605,a3fb83ba0e5ca7805b97940431a10ff62262547e88d185f1b5919ce8d4501fb5,target/experiments/admission-trial/original/partition-pressure/seed-15/analysis/hard.crash-restart-open/rate4000.json
original,original,16000,Shared,0,433753,433753,0,480000,46247,0,33872,112,,5968500,512,512,0,6,6,7de7cabd997ba827881d33a5d82c279279d081ca26bef8f83c3493fd6d85a605,b970068a22adf9d7fe2d791636470645c9f3ca64d5fbfc559a680daf149859b6,target/experiments/admission-trial/original/shared/seed-0/analysis/hard.crash-restart-open/rate16000.json
original,original,16000,Shared,1,433824,433824,0,480000,46176,0,33872,112,,5968500,512,512,0,6,6,7de7cabd997ba827881d33a5d82c279279d081ca26bef8f83c3493fd6d85a605,5e95760691bf747890f833ff8c5bae37ecd6b2ea7e0fdb9b3f80d36dd53662f3,target/experiments/admission-trial/original/shared/seed-1/analysis/hard.crash-restart-open/rate16000.json
original,original,16000,Shared,2,433827,433827,0,480000,46173,0,33872,112,,5968500,512,512,0,6,6,7de7cabd997ba827881d33a5d82c279279d081ca26bef8f83c3493fd6d85a605,ab1c8fb19d88c758564b04ec62cc849788370855fe3fc9ae268cb9670038078e,target/experiments/admission-trial/original/shared/seed-2/analysis/hard.crash-restart-open/rate16000.json
original,original,16000,Shared,3,433794,433794,0,480000,46206,0,33872,112,,5968500,512,512,0,6,6,7de7cabd997ba827881d33a5d82c279279d081ca26bef8f83c3493fd6d85a605,31ba375376731d3a487e5d4f6d3a35877738013d6077a18eeb61325776a21e66,target/experiments/admission-trial/original/shared/seed-3/analysis/hard.crash-restart-open/rate16000.json
original,original,16000,Shared,4,433667,433667,0,480000,46333,0,33872,112,,5968500,512,512,0,6,6,7de7cabd997ba827881d33a5d82c279279d081ca26bef8f83c3493fd6d85a605,35eb5e82b2d36a2a1e93d7fa9cb024b04581d21bde8cdcb6bf1cf44bd8d7b5f4,target/experiments/admission-trial/original/shared/seed-4/analysis/hard.crash-restart-open/rate16000.json
original,original,16000,Shared,5,433642,433642,0,480000,46358,0,33872,112,,5968500,512,512,0,6,6,7de7cabd997ba827881d33a5d82c279279d081ca26bef8f83c3493fd6d85a605,dd2fb0575486429c31b4ee6eba836a12bd18e0ceda21404cc22cb7dc4da51332,target/experiments/admission-trial/original/shared/seed-5/analysis/hard.crash-restart-open/rate16000.json
original,original,16000,Shared,6,433691,433691,0,480000,46309,0,33872,112,,5968500,512,512,0,6,6,7de7cabd997ba827881d33a5d82c279279d081ca26bef8f83c3493fd6d85a605,05a7fda4d5b4703d8f70ba235a36f6c6a7ab89a2bbca733668a8ad443644b917,target/experiments/admission-trial/original/shared/seed-6/analysis/hard.crash-restart-open/rate16000.json
original,original,16000,Shared,7,433786,433786,0,480000,46214,0,33872,112,,5968500,512,512,0,6,6,7de7cabd997ba827881d33a5d82c279279d081ca26bef8f83c3493fd6d85a605,413b5adab5aa17b9762f63ad349443287942f15a232fc328f43752041a3efd74,target/experiments/admission-trial/original/shared/seed-7/analysis/hard.crash-restart-open/rate16000.json
original,original,16000,Shared,8,433677,433677,0,480000,46323,0,33872,112,,5968500,512,512,0,6,6,7de7cabd997ba827881d33a5d82c279279d081ca26bef8f83c3493fd6d85a605,d520a531e028dec8e33408e09c0264a6176bea980bca0efc116c40178a868016,target/experiments/admission-trial/original/shared/seed-8/analysis/hard.crash-restart-open/rate16000.json
original,original,16000,Shared,9,433829,433829,0,480000,46171,0,33872,112,,5968500,512,512,0,6,6,7de7cabd997ba827881d33a5d82c279279d081ca26bef8f83c3493fd6d85a605,fa789ba547f50529d4322b170ba1d75bac5482d74e0ae256fc0d45eb8294f88d,target/experiments/admission-trial/original/shared/seed-9/analysis/hard.crash-restart-open/rate16000.json
original,original,16000,Shared,10,433799,433799,0,480000,46201,0,33872,112,,5968500,512,512,0,6,6,7de7cabd997ba827881d33a5d82c279279d081ca26bef8f83c3493fd6d85a605,f2507c7855659e8f5be52f0dacb31f868c27c3c4e1b248a31a2f9768bb77ba2d,target/experiments/admission-trial/original/shared/seed-10/analysis/hard.crash-restart-open/rate16000.json
original,original,16000,Shared,11,433768,433768,0,480000,46232,0,33872,112,,5968500,512,512,0,6,6,7de7cabd997ba827881d33a5d82c279279d081ca26bef8f83c3493fd6d85a605,a509a22628ad1061aab26d1127da5dd1770e0b79e2c392c7e7009913321aea80,target/experiments/admission-trial/original/shared/seed-11/analysis/hard.crash-restart-open/rate16000.json
original,original,16000,Shared,12,433617,433617,0,480000,46383,0,33872,112,,5968500,512,512,0,6,6,7de7cabd997ba827881d33a5d82c279279d081ca26bef8f83c3493fd6d85a605,8e42fcf2fbdbd85d4b0d1f1ef51822d82d8fe5bbffc5802e61274353cf19f27a,target/experiments/admission-trial/original/shared/seed-12/analysis/hard.crash-restart-open/rate16000.json
original,original,16000,Shared,13,433601,433601,0,480000,46399,0,33872,112,,5968500,512,512,0,6,6,7de7cabd997ba827881d33a5d82c279279d081ca26bef8f83c3493fd6d85a605,122c3094c37f7e2bcff3682c07ce39003036a68dcd69690c9d824eb98ad7ab29,target/experiments/admission-trial/original/shared/seed-13/analysis/hard.crash-restart-open/rate16000.json
original,original,16000,Shared,14,433747,433747,0,480000,46253,0,33872,112,,5968500,512,512,0,6,6,7de7cabd997ba827881d33a5d82c279279d081ca26bef8f83c3493fd6d85a605,f0cd561993defe069dadd2178700529cfa29b8125e994b7c4c305a31c1b0405f,target/experiments/admission-trial/original/shared/seed-14/analysis/hard.crash-restart-open/rate16000.json
original,original,16000,Shared,15,433634,433634,0,480000,46366,0,33872,112,,5968500,512,512,0,6,6,7de7cabd997ba827881d33a5d82c279279d081ca26bef8f83c3493fd6d85a605,65dcc90bb0109f9c1c36f846394d6b77b35d2ef369a3b9345017b9b48afaf724,target/experiments/admission-trial/original/shared/seed-15/analysis/hard.crash-restart-open/rate16000.json
original,original,16000,PartitionPressure,0,467553,467553,0,480000,12447,0,0,0,,5968500,512,415,12447,6,6,7de7cabd997ba827881d33a5d82c279279d081ca26bef8f83c3493fd6d85a605,35f4ba247cdec5a9cb97b7bac818ffada5a956610b535759efed2952846a0978,target/experiments/admission-trial/original/partition-pressure/seed-0/analysis/hard.crash-restart-open/rate16000.json
original,original,16000,PartitionPressure,1,467537,467537,0,480000,12463,0,0,0,,5968500,512,415,12463,6,6,7de7cabd997ba827881d33a5d82c279279d081ca26bef8f83c3493fd6d85a605,54a5393e44b254a548409689f15f9d4980322cd9d34650f6661f27ea3f3a79a5,target/experiments/admission-trial/original/partition-pressure/seed-1/analysis/hard.crash-restart-open/rate16000.json
original,original,16000,PartitionPressure,2,467558,467558,0,480000,12442,0,0,0,,5968500,512,415,12442,6,6,7de7cabd997ba827881d33a5d82c279279d081ca26bef8f83c3493fd6d85a605,79d6c64db449865d2658ef547e4486ec9e585a814544d35cdcd12dbc6c46a8c6,target/experiments/admission-trial/original/partition-pressure/seed-2/analysis/hard.crash-restart-open/rate16000.json
original,original,16000,PartitionPressure,3,467588,467588,0,480000,12412,0,0,0,,5968500,512,415,12412,6,6,7de7cabd997ba827881d33a5d82c279279d081ca26bef8f83c3493fd6d85a605,4898c16851726a1fff65108b68b50722993a609d9062b1af99ca9a450a8d288d,target/experiments/admission-trial/original/partition-pressure/seed-3/analysis/hard.crash-restart-open/rate16000.json
original,original,16000,PartitionPressure,4,467548,467548,0,480000,12452,0,0,0,,5968500,512,415,12452,6,6,7de7cabd997ba827881d33a5d82c279279d081ca26bef8f83c3493fd6d85a605,cd084c701ac475ec8861c4686620c2727963bc8bc9778ffe36eee3f2b72a9670,target/experiments/admission-trial/original/partition-pressure/seed-4/analysis/hard.crash-restart-open/rate16000.json
original,original,16000,PartitionPressure,5,467561,467561,0,480000,12439,0,0,0,,5968500,512,415,12439,6,6,7de7cabd997ba827881d33a5d82c279279d081ca26bef8f83c3493fd6d85a605,c7e8bd479d6eb8cf662312d1dc394e7bc1838b2778fb60192ae4866a49051bc9,target/experiments/admission-trial/original/partition-pressure/seed-5/analysis/hard.crash-restart-open/rate16000.json
original,original,16000,PartitionPressure,6,467571,467571,0,480000,12429,0,0,0,,5968500,512,415,12429,6,6,7de7cabd997ba827881d33a5d82c279279d081ca26bef8f83c3493fd6d85a605,6e813c372b83870dc6fb2bac4a80de066e98ced497b1cd390ae6d2ec67e533a0,target/experiments/admission-trial/original/partition-pressure/seed-6/analysis/hard.crash-restart-open/rate16000.json
original,original,16000,PartitionPressure,7,467559,467559,0,480000,12441,0,0,0,,5968500,512,415,12441,6,6,7de7cabd997ba827881d33a5d82c279279d081ca26bef8f83c3493fd6d85a605,1e648b7a35d415efff430472db1a1e274564288e815740a8e06fc7645a1b847e,target/experiments/admission-trial/original/partition-pressure/seed-7/analysis/hard.crash-restart-open/rate16000.json
original,original,16000,PartitionPressure,8,467575,467575,0,480000,12425,0,0,0,,5968500,512,415,12425,6,6,7de7cabd997ba827881d33a5d82c279279d081ca26bef8f83c3493fd6d85a605,dbda3a1b5db14c6bbd4784ff5c49fbc5bff400537802ce883b12f8c9ded37328,target/experiments/admission-trial/original/partition-pressure/seed-8/analysis/hard.crash-restart-open/rate16000.json
original,original,16000,PartitionPressure,9,467549,467549,0,480000,12451,0,0,0,,5968500,512,415,12451,6,6,7de7cabd997ba827881d33a5d82c279279d081ca26bef8f83c3493fd6d85a605,be1fb9d2076492540eaf8f91b0e3a2ccb2214bbb1c4935b2cade5b2217a0af8a,target/experiments/admission-trial/original/partition-pressure/seed-9/analysis/hard.crash-restart-open/rate16000.json
original,original,16000,PartitionPressure,10,467553,467553,0,480000,12447,0,0,0,,5968500,512,415,12447,6,6,7de7cabd997ba827881d33a5d82c279279d081ca26bef8f83c3493fd6d85a605,74e72baf707fe8c915723f587ebaa5b8f264873cabeb7ff7e763d0e33088325a,target/experiments/admission-trial/original/partition-pressure/seed-10/analysis/hard.crash-restart-open/rate16000.json
original,original,16000,PartitionPressure,11,467593,467593,0,480000,12407,0,0,0,,5968500,512,415,12407,6,6,7de7cabd997ba827881d33a5d82c279279d081ca26bef8f83c3493fd6d85a605,dc91d81dfc5140076a06bee3bc3c0b24b81ef91db341348327b66e96124b0f62,target/experiments/admission-trial/original/partition-pressure/seed-11/analysis/hard.crash-restart-open/rate16000.json
original,original,16000,PartitionPressure,12,467553,467553,0,480000,12447,0,0,0,,5968500,512,415,12447,6,6,7de7cabd997ba827881d33a5d82c279279d081ca26bef8f83c3493fd6d85a605,80710af3830857a67fa3fa22cabba0472298e8a00fbb633464cd93890821fcdf,target/experiments/admission-trial/original/partition-pressure/seed-12/analysis/hard.crash-restart-open/rate16000.json
original,original,16000,PartitionPressure,13,467554,467554,0,480000,12446,0,0,0,,5968500,512,415,12446,6,6,7de7cabd997ba827881d33a5d82c279279d081ca26bef8f83c3493fd6d85a605,f9f7c20f4290479c3a2cb906197131e886eb9cde09dda4f0809cf48aac239748,target/experiments/admission-trial/original/partition-pressure/seed-13/analysis/hard.crash-restart-open/rate16000.json
original,original,16000,PartitionPressure,14,467542,467542,0,480000,12458,0,0,0,,5968500,512,415,12458,6,6,7de7cabd997ba827881d33a5d82c279279d081ca26bef8f83c3493fd6d85a605,4e115f11d47be907a5ad7874580a2fa48a2551f16b62101887a1e237d76889e8,target/experiments/admission-trial/original/partition-pressure/seed-14/analysis/hard.crash-restart-open/rate16000.json
original,original,16000,PartitionPressure,15,467582,467582,0,480000,12418,0,0,0,,5968500,512,415,12418,6,6,7de7cabd997ba827881d33a5d82c279279d081ca26bef8f83c3493fd6d85a605,0210cdd43a2278f825f03016dc672c2f75493c5191d8e5ce08fb3e1d099efe9a,target/experiments/admission-trial/original/partition-pressure/seed-15/analysis/hard.crash-restart-open/rate16000.json
skew,hot,8000,Shared,0,80008,80008,0,80008,0,0,,,73596,4001000,64,33,0,1,6,7de7cabd997ba827881d33a5d82c279279d081ca26bef8f83c3493fd6d85a605,733122353325d5d162f2b93ef9c67f03218d026b182168683a12ee600d03716d,target/experiments/admission-trial/skew/analysis/baseline.partition-admission-skew/hot-rate8000-shared.json
skew,hot,8000,PartitionPressure,0,80008,80008,0,80008,0,0,,,73596,4001000,64,33,0,1,6,7de7cabd997ba827881d33a5d82c279279d081ca26bef8f83c3493fd6d85a605,5650d7a597cab4a7207f48399093bdc70ae4e0679ad60f1aefda050d6adca5ac,target/experiments/admission-trial/skew/analysis/baseline.partition-admission-skew/hot-rate8000-pressure.json
skew,hot,32000,Shared,0,159563,159563,0,320008,160445,0,,,146772,4007000,64,64,0,1,6,7de7cabd997ba827881d33a5d82c279279d081ca26bef8f83c3493fd6d85a605,ce56feef4be4b3b59f1d01277d83722172b752384f865926faa612e099b76c01,target/experiments/admission-trial/skew/analysis/baseline.partition-admission-skew/hot-rate32000-shared.json
skew,hot,32000,PartitionPressure,0,119680,119680,0,320008,200328,0,,,110072,4008250,64,48,200328,1,6,7de7cabd997ba827881d33a5d82c279279d081ca26bef8f83c3493fd6d85a605,7e9ad8146c9d5fb2557ee6d434235c50d635bb9daf740d5ad7fed24463a767b9,target/experiments/admission-trial/skew/analysis/baseline.partition-admission-skew/hot-rate32000-pressure.json
skew,skew90,8000,Shared,0,80008,80008,0,80008,0,0,,,73604,7968555,64,38,0,6,6,7de7cabd997ba827881d33a5d82c279279d081ca26bef8f83c3493fd6d85a605,1e23b37aeab77ed8babbd5b85a6a1073d01d58cea0ebdc5a5feb2f3799157b02,target/experiments/admission-trial/skew/analysis/baseline.partition-admission-skew/skew90-rate8000-shared.json
skew,skew90,8000,PartitionPressure,0,80008,80008,0,80008,0,0,,,73604,7968555,64,38,0,6,6,7de7cabd997ba827881d33a5d82c279279d081ca26bef8f83c3493fd6d85a605,d9a0d2e2af52aa1eeea6443e323ee69e67a20a8b6f127839513ca8f84bb66df5,target/experiments/admission-trial/skew/analysis/baseline.partition-admission-skew/skew90-rate8000-pressure.json
skew,skew90,32000,Shared,0,156557,156557,0,320008,163451,0,,,144008,6949055,64,64,0,6,6,7de7cabd997ba827881d33a5d82c279279d081ca26bef8f83c3493fd6d85a605,776ca64a48616cc3fc89ed30a863a51cb8f7aaf01e9a3fe208d4e74f0f29829a,target/experiments/admission-trial/skew/analysis/baseline.partition-admission-skew/skew90-rate32000-shared.json
skew,skew90,32000,PartitionPressure,0,122992,122992,0,320008,197016,0,,,113128,8240055,64,54,197016,6,6,7de7cabd997ba827881d33a5d82c279279d081ca26bef8f83c3493fd6d85a605,6bd3d750009348aad995247713abc5c42ca4d0acc41a019f16c57a51b6717e2e,target/experiments/admission-trial/skew/analysis/baseline.partition-admission-skew/skew90-rate32000-pressure.json
skew,sparse1024,8000,Shared,0,80008,80008,0,80008,0,0,,,73604,8220555,64,46,0,6,1024,7de7cabd997ba827881d33a5d82c279279d081ca26bef8f83c3493fd6d85a605,38d7d867df5efa8583b8cfdbb729759080d040b327cb634e35ab610cdf1937c9,target/experiments/admission-trial/skew/analysis/baseline.partition-admission-skew/sparse1024-rate8000-shared.json
skew,sparse1024,8000,PartitionPressure,0,80008,80008,0,80008,0,0,,,73604,8220555,64,46,0,6,1024,7de7cabd997ba827881d33a5d82c279279d081ca26bef8f83c3493fd6d85a605,ad4846e231ce1ee0ccabef8c0884a1bb151dc31656d505a6a3a869f5a3f20b81,target/experiments/admission-trial/skew/analysis/baseline.partition-admission-skew/sparse1024-rate8000-pressure.json
skew,sparse1024,32000,Shared,0,144776,144776,0,320008,175232,0,,,133233,8740555,64,64,0,6,1024,7de7cabd997ba827881d33a5d82c279279d081ca26bef8f83c3493fd6d85a605,6c546997ea6cbdeb37c06958907dbe575d2e4af6b70f4077fb0c38ca6e5b5a11,target/experiments/admission-trial/skew/analysis/baseline.partition-admission-skew/sparse1024-rate32000-shared.json
skew,sparse1024,32000,PartitionPressure,0,116808,116808,0,320008,203200,0,,,107435,8732055,64,53,203200,6,1024,7de7cabd997ba827881d33a5d82c279279d081ca26bef8f83c3493fd6d85a605,285bbf0af88d67f200300c421269a744c32ac235f93fd004e904b28cd540b209,target/experiments/admission-trial/skew/analysis/baseline.partition-admission-skew/sparse1024-rate32000-pressure.json
