scenario,variant,profile,seed,mode,offered,accepted,refused,acked,failed,ack_p99_ns,ack_max_ns,produce_requests,wire_bytes,partition_pending_gap_ns,first_observation_wait_max_ns,broker_attempts_max,last_terminal_ns
baseline.asymmetric-wan-broker,i1-window1024k,common,0,raw,4096,4096,0,4096,0,205000000,205000000,1474,2514759,87000000,183806000,1,6155000000
baseline.asymmetric-wan-broker,i1-window1024k,common,0,estimated-wire,4096,4096,0,4096,0,82000000,87000000,884,2431994,87000000,65218001,1,3080000000
baseline.asymmetric-wan-broker,i1-window1024k,original,0,raw,4096,4096,0,4096,0,205000000,205000000,2030,2532002,87000000,183746000,1,5499000000
baseline.asymmetric-wan-broker,i1-window1024k,original,0,estimated-wire,4096,4096,0,4096,0,82000000,87000000,1419,2458861,87000000,65219000,1,3080000000
baseline.asymmetric-wan-broker,i1-window64k,common,0,raw,4096,4096,0,4096,0,205000000,205000000,1474,2514759,87000000,183806000,1,6155000000
baseline.asymmetric-wan-broker,i1-window64k,common,0,estimated-wire,4096,4096,0,4096,0,82000000,87000000,884,2431994,87000000,65218001,1,3080000000
baseline.asymmetric-wan-broker,i1-window64k,original,0,raw,4096,4096,0,4096,0,205000000,205000000,2030,2532002,87000000,183746000,1,5499000000
baseline.asymmetric-wan-broker,i1-window64k,original,0,estimated-wire,4096,4096,0,4096,0,82000000,87000000,1419,2458861,87000000,65219000,1,3080000000
baseline.asymmetric-wan-broker,i5-window1024k,common,0,raw,4096,4096,0,4096,0,54000000,87000000,978,2449217,87000000,65218000,1,2303000000
baseline.asymmetric-wan-broker,i5-window1024k,common,0,estimated-wire,4096,4096,0,4096,0,57000000,87000000,986,2448948,87000000,65218001,1,2306000000
baseline.asymmetric-wan-broker,i5-window1024k,original,0,raw,4096,4096,0,4096,0,54000000,87000000,1662,2487138,87000000,65218000,1,2309000000
baseline.asymmetric-wan-broker,i5-window1024k,original,0,estimated-wire,4096,4096,0,4096,0,54000000,87000000,1649,2485615,87000000,65219000,1,2299000000
baseline.asymmetric-wan-broker,i5-window64k,common,0,raw,4096,4096,0,4096,0,54000000,87000000,978,2449217,87000000,65218000,1,2303000000
baseline.asymmetric-wan-broker,i5-window64k,common,0,estimated-wire,4096,4096,0,4096,0,57000000,87000000,986,2448948,87000000,65218001,1,2306000000
baseline.asymmetric-wan-broker,i5-window64k,original,0,raw,4096,4096,0,4096,0,54000000,87000000,1662,2487138,87000000,65218000,1,2309000000
baseline.asymmetric-wan-broker,i5-window64k,original,0,estimated-wire,4096,4096,0,4096,0,54000000,87000000,1649,2485615,87000000,65219000,1,2299000000
baseline.bursty-onoff,burst200,common,0,raw,2000,2000,0,2000,0,10000000,11000000,206,1154265,8000000,8833000,1,18009000000
baseline.bursty-onoff,burst200,common,0,estimated-wire,2000,2000,0,2000,0,9000000,9000000,194,1152438,9000000,6821001,1,18010000000
baseline.bursty-onoff,burst200,original,0,raw,2000,2000,0,2000,0,10000000,11000000,260,1157082,8000000,8833000,1,18009000000
baseline.bursty-onoff,burst200,original,0,estimated-wire,2000,2000,0,2000,0,8000000,8000000,240,1154855,8000000,5820000,1,18009000000
baseline.bursty-onoff,burst50,common,0,raw,500,500,0,500,0,9000000,9000000,78,297055,9000000,6821000,1,18008000000
baseline.bursty-onoff,burst50,common,0,estimated-wire,500,500,0,500,0,9000000,9000000,77,296869,9000000,6821001,1,18008000000
baseline.bursty-onoff,burst50,original,0,raw,500,500,0,500,0,9000000,9000000,80,297272,8000000,6821000,1,18007000000
baseline.bursty-onoff,burst50,original,0,estimated-wire,500,500,0,500,0,8000000,8000000,78,297036,8000000,5820000,1,18007000000
baseline.bursty-onoff,burst800,common,0,raw,8000,8000,0,8000,0,17000000,19000000,636,4581695,8000000,16890000,1,18026000000
baseline.bursty-onoff,burst800,common,0,estimated-wire,8000,8000,0,8000,0,8000000,10000000,454,4550053,9000000,7848001,1,18019000000
baseline.bursty-onoff,burst800,original,0,raw,8000,8000,0,8000,0,16000000,18000000,1020,4601012,8000000,15887000,1,18025000000
baseline.bursty-onoff,burst800,original,0,estimated-wire,8000,8000,0,8000,0,7000000,8000000,759,4570685,8000000,5820000,1,18019000000
baseline.closed-loop-inflight,k1-i1,common,0,raw,4096,4096,0,4096,0,7000000,8000000,4096,2785932,8000000,5818001,1,28673000000
baseline.closed-loop-inflight,k1-i1,common,0,estimated-wire,4096,4096,0,4096,0,7000000,8000000,4096,2785932,8000000,5818001,1,28673000000
baseline.closed-loop-inflight,k1-i1,original,0,raw,4096,4096,0,4096,0,7000000,8000000,4096,2786049,8000000,5819000,1,28673000000
baseline.closed-loop-inflight,k1-i1,original,0,estimated-wire,4096,4096,0,4096,0,7000000,8000000,4096,2786049,8000000,5819000,1,28673000000
baseline.closed-loop-inflight,k1-i5,common,0,raw,4096,4096,0,4096,0,7000000,8000000,4096,2785932,8000000,5818001,1,28673000000
baseline.closed-loop-inflight,k1-i5,common,0,estimated-wire,4096,4096,0,4096,0,7000000,8000000,4096,2785932,8000000,5818001,1,28673000000
baseline.closed-loop-inflight,k1-i5,original,0,raw,4096,4096,0,4096,0,7000000,8000000,4096,2786049,8000000,5819000,1,28673000000
baseline.closed-loop-inflight,k1-i5,original,0,estimated-wire,4096,4096,0,4096,0,7000000,8000000,4096,2786049,8000000,5819000,1,28673000000
baseline.closed-loop-inflight,k16-i1,common,0,raw,4096,4096,0,4096,0,7000000,9000000,769,2424873,9000000,7222001,1,1793000000
baseline.closed-loop-inflight,k16-i1,common,0,estimated-wire,4096,4096,0,4096,0,7000000,9000000,769,2424873,9000000,7222001,1,1793000000
baseline.closed-loop-inflight,k16-i1,original,0,raw,4096,4096,0,4096,0,7000000,8000000,1408,2456940,8000000,5820000,1,1793000000
baseline.closed-loop-inflight,k16-i1,original,0,estimated-wire,4096,4096,0,4096,0,7000000,8000000,1408,2456940,8000000,5820000,1,1793000000
baseline.closed-loop-inflight,k16-i5,common,0,raw,4096,4096,0,4096,0,7000000,9000000,769,2424873,9000000,6821001,1,1793000000
baseline.closed-loop-inflight,k16-i5,common,0,estimated-wire,4096,4096,0,4096,0,7000000,9000000,769,2424873,9000000,6821001,1,1793000000
baseline.closed-loop-inflight,k16-i5,original,0,raw,4096,4096,0,4096,0,7000000,8000000,1408,2456940,8000000,5820000,1,1793000000
baseline.closed-loop-inflight,k16-i5,original,0,estimated-wire,4096,4096,0,4096,0,7000000,8000000,1408,2456940,8000000,5820000,1,1793000000
baseline.closed-loop-inflight,k256-i1,common,0,raw,4096,4096,0,4096,0,20000000,20000000,335,2341767,9000000,18450000,1,177000000
baseline.closed-loop-inflight,k256-i1,common,0,estimated-wire,4096,4096,0,4096,0,8000000,9000000,145,2314902,9000000,7222001,1,76000000
baseline.closed-loop-inflight,k256-i1,original,0,raw,4096,4096,0,4096,0,20000000,21000000,513,2350785,8000000,19258000,1,175000000
baseline.closed-loop-inflight,k256-i1,original,0,estimated-wire,4096,4096,0,4096,0,8000000,8000000,255,2321505,8000000,5820000,1,70000000
baseline.closed-loop-inflight,k256-i5,common,0,raw,4096,4096,0,4096,0,14000000,14000000,385,2344334,9000000,12109000,1,138000000
baseline.closed-loop-inflight,k256-i5,common,0,estimated-wire,4096,4096,0,4096,0,8000000,9000000,299,2331180,9000000,7481075,1,107000000
baseline.closed-loop-inflight,k256-i5,original,0,raw,4096,4096,0,4096,0,13000000,14000000,514,2350900,8000000,12163000,1,127000000
baseline.closed-loop-inflight,k256-i5,original,0,estimated-wire,4096,4096,0,4096,0,8000000,8000000,406,2338322,8000000,5820000,1,88000000
baseline.closed-loop-inflight,k4-i1,common,0,raw,4096,4096,0,4096,0,7000000,8000000,2447,2637366,8000000,6606001,1,7169000000
baseline.closed-loop-inflight,k4-i1,common,0,estimated-wire,4096,4096,0,4096,0,7000000,8000000,2447,2637366,8000000,6606001,1,7169000000
baseline.closed-loop-inflight,k4-i1,original,0,raw,4096,4096,0,4096,0,7000000,8000000,3264,2678333,8000000,5819000,1,7169000000
baseline.closed-loop-inflight,k4-i1,original,0,estimated-wire,4096,4096,0,4096,0,7000000,8000000,3264,2678333,8000000,5819000,1,7169000000
baseline.closed-loop-inflight,k4-i5,common,0,raw,4096,4096,0,4096,0,7000000,8000000,2447,2637366,8000000,6205001,1,7169000000
baseline.closed-loop-inflight,k4-i5,common,0,estimated-wire,4096,4096,0,4096,0,7000000,8000000,2447,2637366,8000000,6205001,1,7169000000
baseline.closed-loop-inflight,k4-i5,original,0,raw,4096,4096,0,4096,0,7000000,8000000,3264,2678333,8000000,5819000,1,7169000000
baseline.closed-loop-inflight,k4-i5,original,0,estimated-wire,4096,4096,0,4096,0,7000000,8000000,3264,2678333,8000000,5819000,1,7169000000
baseline.closed-loop-inflight,k64-i1,common,0,raw,4096,4096,0,4096,0,8000000,12000000,444,2348038,10000000,10030000,1,248000000
baseline.closed-loop-inflight,k64-i1,common,0,estimated-wire,4096,4096,0,4096,0,8000000,9000000,414,2341751,9000000,7222001,1,236000000
baseline.closed-loop-inflight,k64-i1,original,0,raw,4096,4096,0,4096,0,8000000,9000000,520,2351596,8000000,7223000,1,205000000
baseline.closed-loop-inflight,k64-i1,original,0,estimated-wire,4096,4096,0,4096,0,8000000,8000000,503,2349590,8000000,5820000,1,203000000
baseline.closed-loop-inflight,k64-i5,common,0,raw,4096,4096,0,4096,0,8000000,10000000,507,2351189,9000000,7824000,1,249000000
baseline.closed-loop-inflight,k64-i5,common,0,estimated-wire,4096,4096,0,4096,0,8000000,9000000,508,2350899,9000000,6821001,1,246000000
baseline.closed-loop-inflight,k64-i5,original,0,raw,4096,4096,0,4096,0,8000000,9000000,520,2351596,8000000,6821000,1,202000000
baseline.closed-loop-inflight,k64-i5,original,0,estimated-wire,4096,4096,0,4096,0,8000000,8000000,516,2351124,8000000,5820000,1,202000000
baseline.compression,random0-zstd0,common,0,raw,4096,4096,0,4096,0,7000000,13000000,1576,8800135,8000000,10833000,1,555000000
baseline.compression,random0-zstd0,common,0,estimated-wire,4096,4096,0,4096,0,7000000,9000000,1478,8775040,9000000,6821001,1,514000000
baseline.compression,random0-zstd0,original,0,raw,4096,4096,0,4096,0,7000000,13000000,2052,8823803,8000000,10833000,1,491000000
baseline.compression,random0-zstd0,original,0,estimated-wire,4096,4096,0,4096,0,6000000,8000000,1881,8803626,8000000,5820000,1,412000000
baseline.compression,random0-zstd1,common,0,raw,4096,4096,0,4096,0,7000000,13000000,1630,380180,9000000,10833000,1,556000000
baseline.compression,random0-zstd1,common,0,estimated-wire,4096,4096,0,4096,0,7000000,9000000,882,189604,9000000,6821000,1,468000000
baseline.compression,random0-zstd1,original,0,raw,4096,4096,0,4096,0,9000000,13000000,2298,419351,8000000,10833000,1,532000000
baseline.compression,random0-zstd1,original,0,estimated-wire,4096,4096,0,4096,0,7000000,9000000,763,169584,8000000,6821000,1,472000000
baseline.compression,random0-zstd3,common,0,raw,4096,4096,0,4096,0,7000000,13000000,1630,371943,9000000,10833000,1,556000000
baseline.compression,random0-zstd3,common,0,estimated-wire,4096,4096,0,4096,0,7000000,9000000,882,187404,9000000,6821000,1,468000000
baseline.compression,random0-zstd3,original,0,raw,4096,4096,0,4096,0,9000000,13000000,2298,410517,8000000,10833000,1,532000000
baseline.compression,random0-zstd3,original,0,estimated-wire,4096,4096,0,4096,0,7000000,9000000,763,167794,8000000,6821000,1,472000000
baseline.compression,random1-zstd0,common,0,raw,4096,4096,0,4096,0,7000000,13000000,1576,8800135,8000000,10833000,1,555000000
baseline.compression,random1-zstd0,common,0,estimated-wire,4096,4096,0,4096,0,7000000,9000000,1478,8775040,9000000,6821001,1,514000000
baseline.compression,random1-zstd0,original,0,raw,4096,4096,0,4096,0,7000000,13000000,2052,8823803,8000000,10833000,1,491000000
baseline.compression,random1-zstd0,original,0,estimated-wire,4096,4096,0,4096,0,6000000,8000000,1881,8803626,8000000,5820000,1,412000000
baseline.compression,random1-zstd1,common,0,raw,4096,4096,0,4096,0,7000000,13000000,1630,8836191,9000000,10833000,1,556000000
baseline.compression,random1-zstd1,common,0,estimated-wire,4096,4096,0,4096,0,6000000,9000000,1632,8808495,9000000,6821000,1,557000000
baseline.compression,random1-zstd1,original,0,raw,4096,4096,0,4096,0,9000000,13000000,2298,8873558,8000000,10833000,1,532000000
baseline.compression,random1-zstd1,original,0,estimated-wire,4096,4096,0,4096,0,6000000,9000000,2047,8841637,8000000,6821000,1,427000000
baseline.compression,random1-zstd3,common,0,raw,4096,4096,0,4096,0,7000000,13000000,1630,8836191,9000000,10833000,1,556000000
baseline.compression,random1-zstd3,common,0,estimated-wire,4096,4096,0,4096,0,6000000,9000000,1632,8808495,9000000,6821000,1,557000000
baseline.compression,random1-zstd3,original,0,raw,4096,4096,0,4096,0,9000000,13000000,2298,8873558,8000000,10833000,1,532000000
baseline.compression,random1-zstd3,original,0,estimated-wire,4096,4096,0,4096,0,6000000,9000000,2047,8841637,8000000,6821000,1,427000000
baseline.linger-sweep,linger0-skip0,common,0,raw,4096,4096,0,4096,0,8000000,10000000,1785,2550409,9000000,7798012,1,605000000
baseline.linger-sweep,linger0-skip0,common,0,estimated-wire,4096,4096,0,4096,0,8000000,10000000,1599,2540701,9000000,8226012,1,544000000
baseline.linger-sweep,linger0-skip0,original,0,raw,4096,4096,0,4096,0,8000000,9000000,2752,2614947,8000000,7455000,1,507000000
baseline.linger-sweep,linger0-skip0,original,0,estimated-wire,4096,4096,0,4096,0,8000000,9000000,2741,2613649,8000000,7239000,1,506000000
baseline.linger-sweep,linger0-skip1,common,0,raw,4096,4096,0,4096,0,8000000,10000000,1785,2550409,9000000,7798012,1,605000000
baseline.linger-sweep,linger0-skip1,common,0,estimated-wire,4096,4096,0,4096,0,8000000,10000000,1599,2540701,9000000,8226012,1,544000000
baseline.linger-sweep,linger0-skip1,original,0,raw,4096,4096,0,4096,0,8000000,9000000,2752,2614947,8000000,7455000,1,507000000
baseline.linger-sweep,linger0-skip1,original,0,estimated-wire,4096,4096,0,4096,0,8000000,9000000,2741,2613649,8000000,7239000,1,506000000
baseline.linger-sweep,linger1-skip0,common,0,raw,4096,4096,0,4096,0,3000000,9000000,767,2423871,9000000,6821001,1,390000000
baseline.linger-sweep,linger1-skip0,common,0,estimated-wire,4096,4096,0,4096,0,5000000,9000000,1222,2484202,9000000,6821001,1,441000000
baseline.linger-sweep,linger1-skip0,original,0,raw,4096,4096,0,4096,0,4000000,9000000,1803,2502920,8000000,6821000,1,391000000
baseline.linger-sweep,linger1-skip0,original,0,estimated-wire,4096,4096,0,4096,0,3000000,8000000,1459,2462328,8000000,5820000,1,390000000
baseline.linger-sweep,linger1-skip1,common,0,raw,4096,4096,0,4096,0,3000000,9000000,767,2423871,9000000,6821001,1,390000000
baseline.linger-sweep,linger1-skip1,common,0,estimated-wire,4096,4096,0,4096,0,5000000,9000000,1222,2484202,9000000,6821001,1,441000000
baseline.linger-sweep,linger1-skip1,original,0,raw,4096,4096,0,4096,0,8000000,9000000,2811,2621954,8000000,7239000,1,523000000
baseline.linger-sweep,linger1-skip1,original,0,estimated-wire,4096,4096,0,4096,0,8000000,9000000,2793,2619830,8000000,7239000,1,519000000
baseline.linger-sweep,linger20-skip0,common,0,raw,4096,4096,0,4096,0,22000000,22000000,534,2354602,22000000,20205001,1,1162000000
baseline.linger-sweep,linger20-skip0,common,0,estimated-wire,4096,4096,0,4096,0,22000000,23000000,548,2356483,22000000,21205001,1,1282000000
baseline.linger-sweep,linger20-skip0,original,0,raw,4096,4096,0,4096,0,22000000,22000000,548,2355285,22000000,20203000,1,1148000000
baseline.linger-sweep,linger20-skip0,original,0,estimated-wire,4096,4096,0,4096,0,22000000,22000000,556,2356255,22000000,20203000,1,1222000000
baseline.linger-sweep,linger20-skip1,common,0,raw,4096,4096,0,4096,0,22000000,22000000,534,2354602,22000000,20205001,1,1162000000
baseline.linger-sweep,linger20-skip1,common,0,estimated-wire,4096,4096,0,4096,0,22000000,23000000,548,2356483,22000000,21205001,1,1282000000
baseline.linger-sweep,linger20-skip1,original,0,raw,4096,4096,0,4096,0,8000000,12000000,2739,2613458,12000000,10218000,1,513000000
baseline.linger-sweep,linger20-skip1,original,0,estimated-wire,4096,4096,0,4096,0,8000000,10000000,2748,2614520,10000000,8214000,1,513000000
baseline.linger-sweep,linger5-skip0,common,0,raw,4096,4096,0,4096,0,7000000,9000000,614,2368348,9000000,6821001,1,619000000
baseline.linger-sweep,linger5-skip0,common,0,estimated-wire,4096,4096,0,4096,0,8000000,9000000,640,2369467,9000000,6821001,1,607000000
baseline.linger-sweep,linger5-skip0,original,0,raw,4096,4096,0,4096,0,7000000,9000000,682,2370732,8000000,6821000,1,598000000
baseline.linger-sweep,linger5-skip0,original,0,estimated-wire,4096,4096,0,4096,0,7000000,8000000,681,2370614,8000000,5820000,1,598000000
baseline.linger-sweep,linger5-skip1,common,0,raw,4096,4096,0,4096,0,7000000,9000000,614,2368348,9000000,6821001,1,619000000
baseline.linger-sweep,linger5-skip1,common,0,estimated-wire,4096,4096,0,4096,0,8000000,9000000,640,2369467,9000000,6821001,1,607000000
baseline.linger-sweep,linger5-skip1,original,0,raw,4096,4096,0,4096,0,8000000,9000000,2737,2613222,8000000,7473000,1,510000000
baseline.linger-sweep,linger5-skip1,original,0,estimated-wire,4096,4096,0,4096,0,8000000,9000000,2752,2614992,8000000,7413000,1,513000000
baseline.open-loop-rate,rate2000,common,0,raw,40000,40000,0,40000,0,7000000,7500000,16874,24360247,7500000,5818001,1,20006000000
baseline.open-loop-rate,rate2000,common,0,estimated-wire,40000,40000,0,40000,0,7000000,7500000,16874,24360247,7500000,5818001,1,20006000000
baseline.open-loop-rate,rate2000,original,0,raw,40000,40000,0,40000,0,6500000,7500000,16874,24360364,7500000,5819000,1,20006000000
baseline.open-loop-rate,rate2000,original,0,estimated-wire,40000,40000,0,40000,0,6500000,7500000,16874,24360364,7500000,5819000,1,20006000000
baseline.open-loop-rate,rate32000,common,0,raw,640000,347933,292067,347933,0,6375000,8093750,43201,199726865,7750000,6539750,1,20007000000
baseline.open-loop-rate,rate32000,common,0,estimated-wire,640000,360513,279487,360513,0,6250000,7875000,43913,206790017,7875000,6664751,1,20007000000
baseline.open-loop-rate,rate32000,original,0,raw,640000,509644,130356,509644,0,4968750,7281250,63740,292458803,7031250,6071000,1,20007000000
baseline.open-loop-rate,rate32000,original,0,estimated-wire,640000,509644,130356,509644,0,4968750,7125000,63736,292458331,7031250,5820000,1,20007000000
baseline.open-loop-rate,rate500,common,0,raw,10000,10000,0,10000,0,7000000,8000000,7970,6539575,8000000,5818001,1,20005000000
baseline.open-loop-rate,rate500,common,0,estimated-wire,10000,10000,0,10000,0,7000000,8000000,7970,6539575,8000000,5818001,1,20005000000
baseline.open-loop-rate,rate500,original,0,raw,10000,10000,0,10000,0,7000000,8000000,7970,6539692,8000000,5819000,1,20005000000
baseline.open-loop-rate,rate500,original,0,estimated-wire,10000,10000,0,10000,0,7000000,8000000,7970,6539692,8000000,5819000,1,20005000000
baseline.open-loop-rate,rate8000,common,0,raw,160000,160000,0,160000,0,6875000,7625000,23437,92214749,7125000,5818000,1,20006000000
baseline.open-loop-rate,rate8000,common,0,estimated-wire,160000,160000,0,160000,0,6875000,7625000,23437,92214681,7500000,6196001,1,20006000000
baseline.open-loop-rate,rate8000,original,0,raw,160000,160000,0,160000,0,6500000,7375000,23438,92214916,7125000,5818000,1,20006000000
baseline.open-loop-rate,rate8000,original,0,estimated-wire,160000,160000,0,160000,0,6500000,7375000,23437,92214798,7125000,5820000,1,20006000000
baseline.partition-admission-skew,hot-rate32000-pressure,common,0,raw,320008,79824,240184,79824,0,8031250,8468750,9978,45799192,8000000,6821752,1,10208000000
baseline.partition-admission-skew,hot-rate32000-pressure,common,0,estimated-wire,320008,159563,160445,159563,0,4031250,8000000,9974,90372821,8000000,5818001,1,10204000000
baseline.partition-admission-skew,hot-rate32000-pressure,original,0,raw,320008,79808,240200,79808,0,6031250,8000000,9976,45790012,8000000,5818000,1,10206000000
baseline.partition-admission-skew,hot-rate32000-pressure,original,0,estimated-wire,320008,119680,200328,119680,0,4031250,8000000,9974,68078224,8000000,5819000,1,10204000000
baseline.partition-admission-skew,hot-rate32000-shared,common,0,raw,320008,79824,240184,79824,0,8031250,8468750,9978,45799192,8000000,6821752,1,10208000000
baseline.partition-admission-skew,hot-rate32000-shared,common,0,estimated-wire,320008,159563,160445,159563,0,4031250,8000000,9974,90372821,8000000,5818001,1,10204000000
baseline.partition-admission-skew,hot-rate32000-shared,original,0,raw,320008,79824,240184,79824,0,8031250,8468750,9978,45799192,8000000,6821750,1,10208000000
baseline.partition-admission-skew,hot-rate32000-shared,original,0,estimated-wire,320008,159563,160445,159563,0,4031250,8000000,9974,90372821,8000000,5819000,1,10204000000
baseline.partition-admission-skew,hot-rate8000-pressure,common,0,raw,80008,79814,194,79814,0,8125000,8750000,9977,45793484,8000000,6821002,1,10208000000
baseline.partition-admission-skew,hot-rate8000-pressure,common,0,estimated-wire,80008,80008,0,80008,0,4125000,8000000,9973,45901458,8000000,5818001,1,10206000000
baseline.partition-admission-skew,hot-rate8000-pressure,original,0,raw,80008,79798,210,79798,0,6125000,8000000,9975,45784304,8000000,5818000,1,10206000000
baseline.partition-admission-skew,hot-rate8000-pressure,original,0,estimated-wire,80008,80008,0,80008,0,4125000,8000000,9973,45901458,8000000,5819000,1,10206000000
baseline.partition-admission-skew,hot-rate8000-shared,common,0,raw,80008,79814,194,79814,0,8125000,8750000,9977,45793484,8000000,6821002,1,10208000000
baseline.partition-admission-skew,hot-rate8000-shared,common,0,estimated-wire,80008,80008,0,80008,0,4125000,8000000,9973,45901458,8000000,5818001,1,10206000000
baseline.partition-admission-skew,hot-rate8000-shared,original,0,raw,80008,79814,194,79814,0,8125000,8750000,9977,45793484,8000000,6821000,1,10208000000
baseline.partition-admission-skew,hot-rate8000-shared,original,0,estimated-wire,80008,80008,0,80008,0,4125000,8000000,9973,45901458,8000000,5819000,1,10206000000
baseline.partition-admission-skew,skew90-rate32000-pressure,common,0,raw,320008,85356,234652,85356,0,8055556,11006944,11528,49220350,11006944,9792557,1,10208000000
baseline.partition-admission-skew,skew90-rate32000-pressure,common,0,estimated-wire,320008,156560,163448,156560,0,6979166,9250000,13276,89303914,8680555,7793057,1,10204000000
baseline.partition-admission-skew,skew90-rate32000-pressure,original,0,raw,320008,104884,215124,104884,0,9131944,11736111,13175,60451276,10034723,10507555,1,10207000000
baseline.partition-admission-skew,skew90-rate32000-pressure,original,0,estimated-wire,320008,122992,197016,122992,0,8263888,9250000,13174,70535790,8000000,7809055,1,10204000000
baseline.partition-admission-skew,skew90-rate32000-shared,common,0,raw,320008,85356,234652,85356,0,8055556,11006944,11528,49220350,11006944,9792557,1,10208000000
baseline.partition-admission-skew,skew90-rate32000-shared,common,0,estimated-wire,320008,156560,163448,156560,0,6979166,9250000,13276,89303914,8680555,7793057,1,10204000000
baseline.partition-admission-skew,skew90-rate32000-shared,original,0,raw,320008,85363,234645,85363,0,8055556,11006944,11530,49224499,11006944,9781055,1,10208000000
baseline.partition-admission-skew,skew90-rate32000-shared,original,0,estimated-wire,320008,156557,163451,156557,0,6979166,9250000,13279,89302182,8680555,7795055,1,10204000000
baseline.partition-admission-skew,skew90-rate8000-pressure,common,0,raw,80008,80008,0,80008,0,8750000,11111111,13195,46534148,9027778,9780557,1,10204000000
baseline.partition-admission-skew,skew90-rate8000-pressure,common,0,estimated-wire,80008,80008,0,80008,0,8055555,8472222,13223,46499236,8000000,7268557,1,10207000000
baseline.partition-admission-skew,skew90-rate8000-pressure,original,0,raw,80008,80008,0,80008,0,8750000,11111111,13196,46534470,9027778,9786555,1,10204000000
baseline.partition-admission-skew,skew90-rate8000-pressure,original,0,estimated-wire,80008,80008,0,80008,0,8055555,8472222,13228,46499486,8000000,7268555,1,10207000000
baseline.partition-admission-skew,skew90-rate8000-shared,common,0,raw,80008,80008,0,80008,0,8750000,11111111,13195,46534148,9027778,9780557,1,10204000000
baseline.partition-admission-skew,skew90-rate8000-shared,common,0,estimated-wire,80008,80008,0,80008,0,8055555,8472222,13223,46499236,8000000,7268557,1,10207000000
baseline.partition-admission-skew,skew90-rate8000-shared,original,0,raw,80008,80008,0,80008,0,8750000,11111111,13196,46534470,9027778,9786555,1,10204000000
baseline.partition-admission-skew,skew90-rate8000-shared,original,0,estimated-wire,80008,80008,0,80008,0,8055555,8472222,13228,46499486,8000000,7268555,1,10207000000
baseline.partition-admission-skew,sparse1024-rate32000-pressure,common,0,raw,320008,85355,234653,85355,0,9965277,10375000,11528,49219791,10375000,8812557,1,10208000000
baseline.partition-admission-skew,sparse1024-rate32000-pressure,common,0,estimated-wire,320008,144896,175112,144896,0,8750000,10375000,12648,82652839,10034722,8812557,1,10206000000
baseline.partition-admission-skew,sparse1024-rate32000-pressure,original,0,raw,320008,98996,221012,98996,0,9201388,10277777,13175,57111264,8680555,9060055,1,10207000000
baseline.partition-admission-skew,sparse1024-rate32000-pressure,original,0,estimated-wire,320008,116808,203200,116808,0,8750000,9479166,13174,67068054,8020833,8257055,1,10204000000
baseline.partition-admission-skew,sparse1024-rate32000-shared,common,0,raw,320008,85355,234653,85355,0,9965277,10375000,11528,49219791,10375000,8812557,1,10208000000
baseline.partition-admission-skew,sparse1024-rate32000-shared,common,0,estimated-wire,320008,144896,175112,144896,0,8750000,10375000,12648,82652839,10034722,8812557,1,10206000000
baseline.partition-admission-skew,sparse1024-rate32000-shared,original,0,raw,320008,85362,234646,85362,0,9965277,10375000,11530,49223940,10375000,8812555,1,10208000000
baseline.partition-admission-skew,sparse1024-rate32000-shared,original,0,estimated-wire,320008,144776,175232,144776,0,8750000,10034722,12639,82584881,10034722,8811055,1,10206000000
baseline.partition-admission-skew,sparse1024-rate8000-pressure,common,0,raw,80008,80008,0,80008,0,9583333,10138888,13197,46540640,8055556,8811557,1,10204000000
baseline.partition-admission-skew,sparse1024-rate8000-pressure,common,0,estimated-wire,80008,80008,0,80008,0,8333333,8472222,13187,46497436,8000000,7268557,1,10207000000
baseline.partition-admission-skew,sparse1024-rate8000-pressure,original,0,raw,80008,80008,0,80008,0,9583333,11111111,13198,46539466,9027778,9786555,1,10204000000
baseline.partition-admission-skew,sparse1024-rate8000-pressure,original,0,estimated-wire,80008,80008,0,80008,0,8333333,9027777,13186,46497318,8000000,7810555,1,10207000000
baseline.partition-admission-skew,sparse1024-rate8000-shared,common,0,raw,80008,80008,0,80008,0,9583333,10138888,13197,46540640,8055556,8811557,1,10204000000
baseline.partition-admission-skew,sparse1024-rate8000-shared,common,0,estimated-wire,80008,80008,0,80008,0,8333333,8472222,13187,46497436,8000000,7268557,1,10207000000
baseline.partition-admission-skew,sparse1024-rate8000-shared,original,0,raw,80008,80008,0,80008,0,9583333,11111111,13198,46539466,9027778,9786555,1,10204000000
baseline.partition-admission-skew,sparse1024-rate8000-shared,original,0,estimated-wire,80008,80008,0,80008,0,8333333,9027777,13186,46497318,8000000,7810555,1,10207000000
baseline.partition-fanout-skew,p1-skew0,common,0,raw,4096,4096,0,4096,0,5000000,11000000,512,2350477,8000000,8827000,1,520000000
baseline.partition-fanout-skew,p1-skew0,common,0,estimated-wire,4096,4096,0,4096,0,5000000,8000000,509,2350124,8000000,5818001,1,518000000
baseline.partition-fanout-skew,p1-skew0,original,0,raw,4096,4096,0,4096,0,5000000,11000000,512,2350477,8000000,8827000,1,520000000
baseline.partition-fanout-skew,p1-skew0,original,0,estimated-wire,4096,4096,0,4096,0,5000000,8000000,509,2350124,8000000,5819000,1,518000000
baseline.partition-fanout-skew,p1-skew50,common,0,raw,4096,4096,0,4096,0,5000000,11000000,512,2350477,8000000,8827000,1,520000000
baseline.partition-fanout-skew,p1-skew50,common,0,estimated-wire,4096,4096,0,4096,0,5000000,8000000,509,2350124,8000000,5818001,1,518000000
baseline.partition-fanout-skew,p1-skew50,original,0,raw,4096,4096,0,4096,0,5000000,11000000,512,2350477,8000000,8827000,1,520000000
baseline.partition-fanout-skew,p1-skew50,original,0,estimated-wire,4096,4096,0,4096,0,5000000,8000000,509,2350124,8000000,5819000,1,518000000
baseline.partition-fanout-skew,p1-skew90,common,0,raw,4096,4096,0,4096,0,5000000,11000000,512,2350477,8000000,8827000,1,520000000
baseline.partition-fanout-skew,p1-skew90,common,0,estimated-wire,4096,4096,0,4096,0,5000000,8000000,509,2350124,8000000,5818001,1,518000000
baseline.partition-fanout-skew,p1-skew90,original,0,raw,4096,4096,0,4096,0,5000000,11000000,512,2350477,8000000,8827000,1,520000000
baseline.partition-fanout-skew,p1-skew90,original,0,estimated-wire,4096,4096,0,4096,0,5000000,8000000,509,2350124,8000000,5819000,1,518000000
baseline.partition-fanout-skew,p16-skew0,common,0,raw,4096,4096,0,4096,0,9000000,12000000,588,2454178,12000000,9830001,1,898000000
baseline.partition-fanout-skew,p16-skew0,common,0,estimated-wire,4096,4096,0,4096,0,9000000,12000000,588,2454178,12000000,9830001,1,898000000
baseline.partition-fanout-skew,p16-skew0,original,0,raw,4096,4096,0,4096,0,8000000,10000000,989,2466049,10000000,7826000,1,897000000
baseline.partition-fanout-skew,p16-skew0,original,0,estimated-wire,4096,4096,0,4096,0,8000000,10000000,989,2466049,10000000,7826000,1,897000000
baseline.partition-fanout-skew,p16-skew50,common,0,raw,4096,4096,0,4096,0,8000000,11000000,1122,2434956,11000000,8827001,1,613000000
baseline.partition-fanout-skew,p16-skew50,common,0,estimated-wire,4096,4096,0,4096,0,8000000,10000000,1064,2429971,10000000,7824001,1,600000000
baseline.partition-fanout-skew,p16-skew50,original,0,raw,4096,4096,0,4096,0,8000000,11000000,1191,2435758,10000000,8827000,1,564000000
baseline.partition-fanout-skew,p16-skew50,original,0,estimated-wire,4096,4096,0,4096,0,8000000,9000000,1181,2434578,9000000,6823000,1,564000000
baseline.partition-fanout-skew,p16-skew90,common,0,raw,4096,4096,0,4096,0,9000000,11000000,766,2381819,10000000,8827000,1,555000000
baseline.partition-fanout-skew,p16-skew90,common,0,estimated-wire,4096,4096,0,4096,0,8000000,9000000,736,2378143,9000000,7745022,1,526000000
baseline.partition-fanout-skew,p16-skew90,original,0,raw,4096,4096,0,4096,0,8000000,11000000,773,2381629,8000000,8827000,1,505000000
baseline.partition-fanout-skew,p16-skew90,original,0,estimated-wire,4096,4096,0,4096,0,8000000,8000000,756,2379691,8000000,6779000,1,494000000
baseline.partition-fanout-skew,p6-skew0,common,0,raw,4096,4096,0,4096,0,7000000,9000000,614,2368348,9000000,6821001,1,619000000
baseline.partition-fanout-skew,p6-skew0,common,0,estimated-wire,4096,4096,0,4096,0,8000000,9000000,640,2369467,9000000,6821001,1,607000000
baseline.partition-fanout-skew,p6-skew0,original,0,raw,4096,4096,0,4096,0,7000000,9000000,682,2370732,8000000,6821000,1,598000000
baseline.partition-fanout-skew,p6-skew0,original,0,estimated-wire,4096,4096,0,4096,0,7000000,8000000,681,2370614,8000000,5820000,1,598000000
baseline.partition-fanout-skew,p6-skew50,common,0,raw,4096,4096,0,4096,0,7000000,10000000,696,2374511,9000000,7824000,1,525000000
baseline.partition-fanout-skew,p6-skew50,common,0,estimated-wire,4096,4096,0,4096,0,7000000,9000000,684,2372619,9000000,6821001,1,516000000
baseline.partition-fanout-skew,p6-skew50,original,0,raw,4096,4096,0,4096,0,7000000,10000000,721,2375289,8000000,7824000,1,509000000
baseline.partition-fanout-skew,p6-skew50,original,0,estimated-wire,4096,4096,0,4096,0,7000000,8000000,721,2375334,8000000,5820000,1,510000000
baseline.partition-fanout-skew,p6-skew90,common,0,raw,4096,4096,0,4096,0,8000000,11000000,700,2372875,8000000,8827000,1,518000000
baseline.partition-fanout-skew,p6-skew90,common,0,estimated-wire,4096,4096,0,4096,0,8000000,8000000,674,2370034,8000000,6790022,1,501000000
baseline.partition-fanout-skew,p6-skew90,original,0,raw,4096,4096,0,4096,0,7000000,11000000,697,2372457,8000000,8827000,1,481000000
baseline.partition-fanout-skew,p6-skew90,original,0,estimated-wire,4096,4096,0,4096,0,7000000,8000000,694,2372103,8000000,5819000,1,479000000
hard.bootstrap-down-at-start,b1-first,common,0,raw,200,200,0,200,0,5001000000,5004000000,108,127295,5004000000,5001991328,1,5206000000
hard.bootstrap-down-at-start,b1-first,common,0,estimated-wire,200,200,0,200,0,5001000000,5004000000,106,127065,5004000000,5001991329,1,5206000000
hard.bootstrap-down-at-start,b1-first,original,0,raw,200,200,0,200,0,5001000000,5004000000,111,127562,5004000000,5002354298,1,5206000000
hard.bootstrap-down-at-start,b1-first,original,0,estimated-wire,200,200,0,200,0,5001000000,5004000000,109,127332,5004000000,5002355298,1,5206000000
hard.bootstrap-down-at-start,b2-first,common,0,raw,200,200,0,200,0,5012000000,5015000000,113,127749,5015000000,5012928458,1,5206000000
hard.bootstrap-down-at-start,b2-first,common,0,estimated-wire,200,200,0,200,0,5012000000,5015000000,111,127519,5015000000,5012928459,1,5206000000
hard.bootstrap-down-at-start,b2-first,original,0,raw,200,200,0,200,0,5012000000,5015000000,114,127916,5015000000,5013631886,1,5206000000
hard.bootstrap-down-at-start,b2-first,original,0,estimated-wire,200,200,0,200,0,5012000000,5015000000,112,127686,5015000000,5013632886,1,5206000000
hard.bootstrap-down-at-start,single,common,0,raw,200,100,100,0,100,,,0,78,1001000000,,,1001000000
hard.bootstrap-down-at-start,single,common,0,estimated-wire,200,100,100,0,100,,,0,78,1001000000,,,1001000000
hard.bootstrap-down-at-start,single,original,0,raw,200,100,100,0,100,,,0,78,1001000000,,,1001000000
hard.bootstrap-down-at-start,single,original,0,estimated-wire,200,100,100,0,100,,,0,78,1001000000,,,1001000000
hard.close-during-outage,deadline15s,common,0,raw,21850,21850,0,21850,0,18000000,10032000000,8021,13480500,10020000000,10024279572,2,20035000000
hard.close-during-outage,deadline15s,common,0,estimated-wire,21084,21084,0,21084,0,20000000,10037000000,8017,13044016,10021000000,10032533822,2,20032000000
hard.close-during-outage,deadline15s,original,0,raw,23391,23391,0,23391,0,22000000,10033000000,14804,14836247,10021000000,10028027783,2,20036000000
hard.close-during-outage,deadline15s,original,0,estimated-wire,22069,22069,0,22069,0,28000000,10023000000,14559,14066775,10015000000,10018537187,2,20026000000
hard.close-during-outage,deadline2s,common,0,raw,21850,21850,0,21818,32,18000000,32000000,8016,13459167,4001000000,27330001,1,14000000000
hard.close-during-outage,deadline2s,common,0,estimated-wire,21084,21084,0,21052,32,20000000,37000000,8013,13022797,4001000000,32226012,1,14000000000
hard.close-during-outage,deadline2s,original,0,raw,23391,23391,0,23359,32,21000000,33000000,14798,14814960,4001000000,28239000,1,14000000000
hard.close-during-outage,deadline2s,original,0,estimated-wire,22069,22069,0,22037,32,28000000,35000000,14552,14045363,4001000000,30088000,1,14000000000
hard.crash-restart-closed,k16-slow0,common,0,raw,20762,20762,0,20762,0,10000000,3030000000,3973,12290356,3030000000,3019627432,2,15000000000
hard.crash-restart-closed,k16-slow0,common,0,estimated-wire,20762,20762,0,20762,0,10000000,3030000000,3973,12290356,3030000000,3019627432,2,15000000000
hard.crash-restart-closed,k16-slow0,original,0,raw,20800,20800,0,20800,0,10000000,3024000000,6906,12453732,3024000000,3013332342,2,15007000000
hard.crash-restart-closed,k16-slow0,original,0,estimated-wire,20800,20800,0,20800,0,10000000,3024000000,6906,12453732,3024000000,3013332342,2,15007000000
hard.crash-restart-closed,k16-slow1,common,0,raw,20761,20761,0,20761,0,10000000,3048000000,3914,12283111,3048000000,3037281414,2,15004000000
hard.crash-restart-closed,k16-slow1,common,0,estimated-wire,20761,20761,0,20761,0,10000000,3048000000,3914,12283111,3048000000,3037281414,2,15004000000
hard.crash-restart-closed,k16-slow1,original,0,raw,20736,20736,0,20736,0,10000000,3059000000,6888,12415804,3059000000,3048794403,2,15002000000
hard.crash-restart-closed,k16-slow1,original,0,estimated-wire,20736,20736,0,20736,0,10000000,3059000000,6888,12415804,3059000000,3048794403,2,15002000000
hard.crash-restart-closed,k64-slow0,common,0,raw,50478,50478,0,50478,0,24000000,3027000000,9141,29369051,3023000000,3019367783,2,15016000000
hard.crash-restart-closed,k64-slow0,common,0,estimated-wire,50572,50572,0,50572,0,20000000,3038000000,9274,29421323,3029000000,3032626790,2,15019000000
hard.crash-restart-closed,k64-slow0,original,0,raw,96696,96696,0,96696,0,11000000,3032000000,15316,55873458,3030000000,3023349384,2,15010000000
hard.crash-restart-closed,k64-slow0,original,0,estimated-wire,96622,96622,0,96622,0,11000000,3018000000,14995,55791927,3013000000,3012142126,2,15009000000
hard.crash-restart-closed,k64-slow1,common,0,raw,50243,50243,0,50243,0,24000000,3116000000,9091,29232296,3112000000,3107866895,2,15019000000
hard.crash-restart-closed,k64-slow1,common,0,estimated-wire,50392,50392,0,50392,0,20000000,3163000000,9162,29310271,3154000000,3156811763,2,15019000000
hard.crash-restart-closed,k64-slow1,original,0,raw,96402,96402,0,96402,0,11000000,3072000000,15274,55704100,3070000000,3063394732,2,15011000000
hard.crash-restart-closed,k64-slow1,original,0,estimated-wire,96490,96490,0,96490,0,11000000,3047000000,14985,55716935,3042000000,3041797481,2,15008000000
hard.crash-restart-open,rate1000,common,0,raw,30000,28905,1095,28905,0,1955000000,3021000000,18233,18324544,3021000000,3019417918,1,30006000000
hard.crash-restart-open,rate1000,common,0,estimated-wire,30000,28899,1101,28899,0,1947000000,3027000000,18194,18315703,3027000000,3025278382,1,30006000000
hard.crash-restart-open,rate1000,original,0,raw,30000,28917,1083,28917,0,1943000000,3009000000,18261,18333216,3009000000,3006800064,1,30006000000
hard.crash-restart-open,rate1000,original,0,estimated-wire,30000,28905,1095,28905,0,1934000000,3021000000,18198,18319685,3021000000,3018826759,1,30006000000
hard.crash-restart-open,rate16000,common,0,raw,480000,433799,46201,433799,0,6250000,3009500000,55062,249025844,3008125000,3008271562,1,30006000000
hard.crash-restart-open,rate16000,common,0,estimated-wire,480000,433675,46325,433675,0,6250000,3020625000,55012,248948994,3019250000,3019377460,1,30007000000
hard.crash-restart-open,rate16000,original,0,raw,480000,433797,46203,433797,0,6000000,3008875000,55090,249025936,3007500000,3007661825,1,30007000000
hard.crash-restart-open,rate16000,original,0,estimated-wire,480000,433764,46236,433764,0,6000000,3011062500,55024,249000324,3009687500,3009849723,1,30007000000
hard.crash-restart-open,rate4000,common,0,raw,120000,109843,10157,109843,0,7250000,3018250000,26502,64544834,3016250000,3016888649,1,30007000000
hard.crash-restart-open,rate4000,common,0,estimated-wire,120000,109883,10117,109883,0,7250000,3010000000,26480,64563510,3010000000,3008781208,1,30007000000
hard.crash-restart-open,rate4000,original,0,raw,120000,109894,10106,109894,0,6500000,3006000000,26540,64576283,3004750000,3004583650,1,30007000000
hard.crash-restart-open,rate4000,original,0,estimated-wire,120000,109855,10145,109855,0,6500000,3015750000,26474,64547306,3014500000,3014335476,1,30007000000
hard.flapping-broker,duty10-slow0,common,0,raw,62000,62000,0,62000,0,58500000,127000000,25709,37721155,126500000,120196707,2,31006000000
hard.flapping-broker,duty10-slow0,common,0,estimated-wire,62000,62000,0,62000,0,58000000,123000000,25609,37708075,122500000,120450084,2,31006000000
hard.flapping-broker,duty10-slow0,original,0,raw,62000,62000,0,62000,0,60000000,122000000,25755,37724081,121500000,118862813,2,31006000000
hard.flapping-broker,duty10-slow0,original,0,estimated-wire,62000,62000,0,62000,0,59500000,126500000,25623,37709277,126000000,121135797,2,31006000000
hard.flapping-broker,duty10-slow1,common,0,raw,62000,62000,0,62000,0,111000000,208500000,25496,37697841,208000000,201545030,2,31006000000
hard.flapping-broker,duty10-slow1,common,0,estimated-wire,62000,62000,0,62000,0,97500000,200500000,25417,37685857,199000000,199247817,2,31006000000
hard.flapping-broker,duty10-slow1,original,0,raw,62000,62000,0,62000,0,97000000,205500000,25616,37707716,204000000,204058415,2,31006000000
hard.flapping-broker,duty10-slow1,original,0,estimated-wire,62000,62000,0,62000,0,91500000,202000000,25462,37690651,202000000,200440019,2,31006000000
hard.flapping-broker,duty50-slow0,common,0,raw,62000,62000,0,62000,0,459000000,527000000,24030,37536499,526500000,521492163,2,31006000000
hard.flapping-broker,duty50-slow0,common,0,estimated-wire,62000,62000,0,62000,0,457500000,523500000,23650,37481198,522000000,521816863,2,31006000000
hard.flapping-broker,duty50-slow0,original,0,raw,62000,62000,0,62000,0,460000000,525000000,24259,37548029,524500000,522827300,2,31006000000
hard.flapping-broker,duty50-slow0,original,0,estimated-wire,62000,62000,0,62000,0,456500000,525500000,23653,37482439,525000000,523903001,2,31006000000
hard.flapping-broker,duty50-slow1,common,0,raw,62000,62000,0,62000,0,524000000,696500000,23763,37507305,695500000,694896144,2,31006000000
hard.flapping-broker,duty50-slow1,common,0,estimated-wire,62000,62000,0,62000,0,535000000,671500000,23280,37439282,671500000,669935270,2,31006000000
hard.flapping-broker,duty50-slow1,original,0,raw,62000,62000,0,62000,0,514000000,684500000,24060,37524595,684500000,682839597,2,31006000000
hard.flapping-broker,duty50-slow1,original,0,estimated-wire,62000,62000,0,62000,0,527000000,651000000,23311,37443521,651000000,649662511,2,31006000000
hard.leader-failover-during-outage,move10s-metadata1000ms,common,0,raw,46719,46719,0,46719,0,24000000,10124000000,11026,27592168,10122000000,10117735757,2,27016000000
hard.leader-failover-during-outage,move10s-metadata1000ms,common,0,estimated-wire,47621,47621,0,47621,0,24000000,10121000000,10937,28088185,10117000000,10110107628,2,27017000000
hard.leader-failover-during-outage,move10s-metadata1000ms,original,0,raw,60080,60080,0,60080,0,16000000,10130000000,16997,35732662,10125000000,10124071243,2,27009000000
hard.leader-failover-during-outage,move10s-metadata1000ms,original,0,estimated-wire,58178,58178,0,58178,0,19000000,10132000000,17073,34571801,10127000000,10126593545,2,27014000000
hard.leader-failover-during-outage,move10s-metadata20ms,common,0,raw,47021,47021,0,47021,0,24000000,10025000000,11031,27808895,10025000000,10018283795,2,27014000000
hard.leader-failover-during-outage,move10s-metadata20ms,common,0,estimated-wire,47418,47418,0,47418,0,24000000,10021000000,11018,28031116,10017000000,10009885939,2,27022000000
hard.leader-failover-during-outage,move10s-metadata20ms,original,0,raw,58418,58418,0,58418,0,20000000,10024000000,17105,34755710,10019000000,10018780884,2,27017000000
hard.leader-failover-during-outage,move10s-metadata20ms,original,0,estimated-wire,59134,59134,0,59134,0,18000000,10023000000,17147,35191783,10018000000,10017023041,2,27007000000
hard.leader-failover-during-outage,move1s-metadata1000ms,common,0,raw,64075,64075,0,64075,0,24000000,1091000000,14151,37789854,1089000000,1084270781,2,27016000000
hard.leader-failover-during-outage,move1s-metadata1000ms,common,0,estimated-wire,64353,64353,0,64353,0,25000000,1091000000,14172,37942911,1087000000,1079924615,2,27013000000
hard.leader-failover-during-outage,move1s-metadata1000ms,original,0,raw,87026,87026,0,87026,0,19000000,1083000000,22881,51442682,1078000000,1077535576,2,27013000000
hard.leader-failover-during-outage,move1s-metadata1000ms,original,0,estimated-wire,87326,87326,0,87326,0,18000000,1082000000,23407,51851207,1077000000,1076329203,2,27009000000
hard.leader-failover-during-outage,move1s-metadata20ms,common,0,raw,63876,63876,0,63876,0,25000000,1041000000,14099,37720700,1041000000,1034341109,2,27017000000
hard.leader-failover-during-outage,move1s-metadata20ms,common,0,estimated-wire,64636,64636,0,64636,0,25000000,1041000000,14110,38149142,1037000000,1029904167,2,27019000000
hard.leader-failover-during-outage,move1s-metadata20ms,original,0,raw,87197,87197,0,87197,0,19000000,1038000000,22915,51593635,1033000000,1031852648,2,27013000000
hard.leader-failover-during-outage,move1s-metadata20ms,original,0,estimated-wire,88779,88779,0,88779,0,16000000,1036000000,23386,52731238,1031000000,1030369955,2,27008000000
hard.partition-admission-isolation,independent-rate1000-pressure,common,0,raw,30000,28512,1488,28512,0,2183785008,3016012120,23475,19035371,3015012120,3008852373,2,30002000000
hard.partition-admission-isolation,independent-rate1000-pressure,common,0,estimated-wire,30000,28512,1488,28512,0,2168736815,3017012120,23448,19030437,3016012120,3013086894,2,30002000000
hard.partition-admission-isolation,independent-rate1000-pressure,original,0,raw,30000,29369,631,29369,0,2167881105,3023036216,29041,19858986,3022036216,3016837978,2,30001000000
hard.partition-admission-isolation,independent-rate1000-pressure,original,0,estimated-wire,30000,29370,630,29370,0,2150808816,3023036216,28998,19854719,3022036216,3016432870,2,30001000000
hard.partition-admission-isolation,independent-rate1000-shared,common,0,raw,30000,28512,1488,28512,0,2183785008,3016012120,23475,19035371,3015012120,3008852373,2,30002000000
hard.partition-admission-isolation,independent-rate1000-shared,common,0,estimated-wire,30000,28512,1488,28512,0,2168736815,3017012120,23448,19030437,3016012120,3013086894,2,30002000000
hard.partition-admission-isolation,independent-rate1000-shared,original,0,raw,30000,28506,1494,28506,0,2188809104,3021036216,28059,19260693,3020036216,3014574538,2,30001000000
hard.partition-admission-isolation,independent-rate1000-shared,original,0,estimated-wire,30000,28506,1494,28506,0,2170736815,3019036216,28004,19254631,3018036216,3011905385,2,30001000000
hard.partition-admission-isolation,independent-rate16000-pressure,common,0,raw,480000,433400,46600,433400,0,5249343,3008248969,54145,248676714,3007124532,3006827731,1,30007000000
hard.partition-admission-isolation,independent-rate16000-pressure,common,0,estimated-wire,480000,433396,46604,433396,0,5249343,3011623547,54127,248669590,3009373969,3010108939,1,30007000000
hard.partition-admission-isolation,independent-rate16000-pressure,original,0,raw,480000,464320,15680,464320,0,4126032,3008248969,58045,266417949,3007124532,3006861456,1,30006000000
hard.partition-admission-isolation,independent-rate16000-pressure,original,0,estimated-wire,480000,464242,15758,464242,0,4126032,3023247094,57986,266367619,3022122798,3021988877,1,30006000000
hard.partition-admission-isolation,independent-rate16000-shared,common,0,raw,480000,433400,46600,433400,0,5249343,3008248969,54145,248676714,3007124532,3006827731,1,30007000000
hard.partition-admission-isolation,independent-rate16000-shared,common,0,estimated-wire,480000,433396,46604,433396,0,5249343,3011623547,54127,248669590,3009373969,3010108939,1,30007000000
hard.partition-admission-isolation,independent-rate16000-shared,original,0,raw,480000,433244,46756,433244,0,4126032,3017997750,54175,248589806,3016873313,3016585264,1,30007000000
hard.partition-admission-isolation,independent-rate16000-shared,original,0,estimated-wire,480000,433222,46778,433222,0,4126032,3019497562,54106,248569798,3018373266,3018213737,1,30005000000
hard.partition-admission-isolation,independent-rate4000-pressure,common,0,raw,120000,109498,10502,109498,0,7393200,3008995502,22778,64219849,3007995502,3007722885,1,30004000000
hard.partition-admission-isolation,independent-rate4000-pressure,common,0,estimated-wire,120000,109456,10544,109456,0,7390449,3022016519,22749,64190521,3021016519,3019912747,1,30002000000
hard.partition-admission-isolation,independent-rate4000-pressure,original,0,raw,120000,116348,3652,116348,0,7366187,3022016519,29041,68479132,3021016519,3020249556,1,30004000000
hard.partition-admission-isolation,independent-rate4000-pressure,original,0,estimated-wire,120000,116362,3638,116362,0,7366187,3011506008,29002,68482605,3010506008,3009804923,1,30005000000
hard.partition-admission-isolation,independent-rate4000-shared,common,0,raw,120000,109498,10502,109498,0,7393200,3008995502,22778,64219849,3007995502,3007722885,1,30004000000
hard.partition-admission-isolation,independent-rate4000-shared,common,0,estimated-wire,120000,109456,10544,109456,0,7390449,3022016519,22749,64190521,3021016519,3019912747,1,30002000000
hard.partition-admission-isolation,independent-rate4000-shared,original,0,raw,120000,109492,10508,109492,0,7377442,3010494752,27322,64443783,3009494752,3008992640,1,30005000000
hard.partition-admission-isolation,independent-rate4000-shared,original,0,estimated-wire,120000,109504,10496,109504,0,7372939,3007001504,27264,64444075,3006001504,3005378347,1,30002000000
hard.rolling-restart,overlap0s,common,0,raw,71772,71772,0,71772,0,20000000,3035000000,19136,42562749,3030000000,3029681868,2,35009000000
hard.rolling-restart,overlap0s,common,0,estimated-wire,71721,71721,0,71721,0,20000000,3032000000,19121,42530943,3027000000,3026457087,2,35011000000
hard.rolling-restart,overlap0s,original,0,raw,73251,73251,0,73251,0,10000000,3028000000,23763,43779420,3024000000,3022395826,2,35006000000
hard.rolling-restart,overlap0s,original,0,estimated-wire,73071,73071,0,73071,0,10000000,3033000000,23653,43666443,3028000000,3027426870,2,35006000000
hard.rolling-restart,overlap1s,common,0,raw,47080,47080,0,47080,0,19000000,3032000000,12630,27937229,3032000000,3025804607,2,23013000000
hard.rolling-restart,overlap1s,common,0,estimated-wire,47226,47226,0,47226,0,18000000,3026000000,12399,27998164,3026000000,3020754983,2,23006000000
hard.rolling-restart,overlap1s,original,0,raw,47888,47888,0,47888,0,10000000,3028000000,15543,28619770,3028000000,3022842374,2,23008000000
hard.rolling-restart,overlap1s,original,0,estimated-wire,47589,47589,0,47589,0,10000000,3024000000,14915,28381845,3021000000,3018400624,2,23008000000
hard.short-vs-long-outage,outage2s-request2000ms,common,0,raw,15554,15554,0,15554,0,20000000,2027000000,5763,9598300,2017100000,2022134720,2,9014000000
hard.short-vs-long-outage,outage2s-request2000ms,common,0,estimated-wire,15357,15357,0,15357,0,20000000,2065000000,5763,9487685,2023000000,2060101095,2,9018000000
hard.short-vs-long-outage,outage2s-request2000ms,original,0,raw,16489,16489,0,16489,0,24000000,2034000000,10478,10462350,2013100000,2029356381,2,9013000000
hard.short-vs-long-outage,outage2s-request2000ms,original,0,estimated-wire,15996,15996,0,15996,0,28000000,2038100000,10373,10175502,2022200000,2033294628,2,9021000000
hard.short-vs-long-outage,outage2s-request200ms,common,0,raw,15554,15554,0,15554,0,20000000,2027000000,5763,9598300,2017100000,2022134720,2,9014000000
hard.short-vs-long-outage,outage2s-request200ms,common,0,estimated-wire,15357,15357,0,15357,0,20000000,2065000000,5763,9487685,2023000000,2060101095,2,9018000000
hard.short-vs-long-outage,outage2s-request200ms,original,0,raw,16489,16489,0,16489,0,24000000,2034000000,10478,10462350,2013100000,2029356381,2,9013000000
hard.short-vs-long-outage,outage2s-request200ms,original,0,estimated-wire,15996,15996,0,15996,0,28000000,2038100000,10373,10175502,2022200000,2033294628,2,9021000000
hard.short-vs-long-outage,outage8s-request2000ms,common,0,raw,10989,10989,0,10941,48,18000000,57000000,4029,6752070,5115100000,52241003,1,13077000000
hard.short-vs-long-outage,outage8s-request2000ms,common,0,estimated-wire,10665,10665,0,10617,48,20000000,57000000,4032,6569128,5001100000,52241003,1,13077000000
hard.short-vs-long-outage,outage8s-request2000ms,original,0,raw,11768,11768,0,11720,48,23000000,65000000,7424,7437428,5067100000,60250000,1,13085000000
hard.short-vs-long-outage,outage8s-request2000ms,original,0,estimated-wire,11106,11106,0,11058,48,28000000,65000000,7303,7054206,5005100000,60250000,1,13085000000
hard.short-vs-long-outage,outage8s-request200ms,common,0,raw,10989,10989,0,10941,48,18000000,57000000,4029,6752070,5115100000,52241003,1,13077000000
hard.short-vs-long-outage,outage8s-request200ms,common,0,estimated-wire,10665,10665,0,10617,48,20000000,57000000,4032,6569128,5001100000,52241003,1,13077000000
hard.short-vs-long-outage,outage8s-request200ms,original,0,raw,11768,11768,0,11720,48,23000000,65000000,7424,7437428,5067100000,60250000,1,13085000000
hard.short-vs-long-outage,outage8s-request200ms,original,0,estimated-wire,11106,11106,0,11058,48,28000000,65000000,7303,7054206,5005100000,60250000,1,13085000000
resources.delivery-timeout-tuning,deadline2s,common,0,raw,21631,21631,0,21583,48,18000000,32000000,7769,13298670,2044000000,27230001,1,14023000000
resources.delivery-timeout-tuning,deadline2s,common,0,estimated-wire,20866,20866,0,20818,48,20000000,37000000,7764,12862693,2013000000,32226012,1,14019000000
resources.delivery-timeout-tuning,deadline2s,original,0,raw,23174,23174,0,23126,48,21000000,33000000,14550,14655533,2037000000,28239000,1,14023000000
resources.delivery-timeout-tuning,deadline2s,original,0,estimated-wire,21851,21851,0,21803,48,28000000,35000000,14302,13885145,2005000000,30088000,1,14019000000
resources.delivery-timeout-tuning,deadline30s,common,0,raw,26708,26708,0,26708,0,20000000,4042900000,10011,16492904,4026000000,4038650071,2,16019000000
resources.delivery-timeout-tuning,deadline30s,common,0,estimated-wire,26095,26095,0,26095,0,20000000,4040000000,10006,16145864,4024000000,4034808342,2,16013000000
resources.delivery-timeout-tuning,deadline30s,original,0,raw,28774,28774,0,28774,0,22000000,4027900000,18154,18239328,4013000000,4022798324,2,16013000000
resources.delivery-timeout-tuning,deadline30s,original,0,estimated-wire,27321,27321,0,27321,0,28000000,4034100000,17890,17394391,4023000000,4029645575,2,16020000000
resources.delivery-timeout-tuning,deadline6s,common,0,raw,26708,26708,0,26708,0,20000000,4042900000,10011,16492904,4026000000,4038650071,2,16019000000
resources.delivery-timeout-tuning,deadline6s,common,0,estimated-wire,26095,26095,0,26095,0,20000000,4040000000,10006,16145864,4024000000,4034808342,2,16013000000
resources.delivery-timeout-tuning,deadline6s,original,0,raw,28774,28774,0,28774,0,22000000,4027900000,18154,18239328,4013000000,4022798324,2,16013000000
resources.delivery-timeout-tuning,deadline6s,original,0,estimated-wire,27321,27321,0,27321,0,28000000,4034100000,17890,17394391,4023000000,4029645575,2,16020000000
resources.memory-bounded-overload,value2048,common,0,raw,320024,10150,309874,10150,0,1004750000,1092812500,5467,21912890,92062500,1088589003,1,11021000000
resources.memory-bounded-overload,value2048,common,0,estimated-wire,320024,13046,306978,13046,0,900656250,984750000,5977,28041085,96093750,980517003,1,11021000000
resources.memory-bounded-overload,value2048,original,0,raw,320024,5095,314929,5095,0,363406250,391406250,3851,11130030,50312500,387202000,1,11044000000
resources.memory-bounded-overload,value2048,original,0,estimated-wire,320024,5095,314929,5095,0,363406250,391406250,3849,11129794,57406250,387202000,1,11044000000
resources.memory-bounded-overload,value512,common,0,raw,320024,30252,289772,30252,0,336187500,390843750,7063,17761238,128000000,386634002,1,11014000000
resources.memory-bounded-overload,value512,common,0,estimated-wire,320024,43251,276773,43251,0,256156250,268156250,7236,25056213,88062500,263941252,1,11014000000
resources.memory-bounded-overload,value512,original,0,raw,320024,6257,313767,6257,0,1128937500,1150000000,4105,3983961,78250000,1145795750,1,11035000000
resources.memory-bounded-overload,value512,original,0,estimated-wire,320024,6257,313767,6257,0,1128937500,1150000000,4105,3983961,78250000,1145795750,1,11035000000
resources.stop-polling-backpressure,events1024,common,0,raw,30000,27017,2983,27017,0,1868500000,2006000000,11397,16454214,2005000000,5818001,1,15006000000
resources.stop-polling-backpressure,events1024,common,0,estimated-wire,30000,27017,2983,27017,0,1868500000,2006000000,11397,16454214,2005000000,5818001,1,15006000000
resources.stop-polling-backpressure,events1024,original,0,raw,30000,27017,2983,27017,0,1868500000,2006000000,11397,16454331,2005000000,5819000,1,15006000000
resources.stop-polling-backpressure,events1024,original,0,estimated-wire,30000,27017,2983,27017,0,1868500000,2006000000,11397,16454331,2005000000,5819000,1,15006000000
resources.stop-polling-backpressure,events64,common,0,raw,30000,26057,3943,26057,0,7000000,2006000000,10992,15869784,2005000000,5818001,1,15006000000
resources.stop-polling-backpressure,events64,common,0,estimated-wire,30000,26057,3943,26057,0,7000000,2006000000,10992,15869784,2005000000,5818001,1,15006000000
resources.stop-polling-backpressure,events64,original,0,raw,30000,26057,3943,26057,0,6500000,2006000000,10992,15869901,2005000000,5819000,1,15006000000
resources.stop-polling-backpressure,events64,original,0,estimated-wire,30000,26057,3943,26057,0,6500000,2006000000,10992,15869901,2005000000,5819000,1,15006000000
resources.wire-window-vs-latency,window1024k,common,0,raw,4096,4096,0,4096,0,245000000,247000000,389,2351728,207000000,225031000,1,1275000000
resources.wire-window-vs-latency,window1024k,common,0,estimated-wire,4096,4096,0,4096,0,206000000,207000000,292,2332430,207000000,185021001,1,1031000000
resources.wire-window-vs-latency,window1024k,original,0,raw,4096,4096,0,4096,0,244000000,246000000,661,2368486,206000000,224028000,1,1235000000
resources.wire-window-vs-latency,window1024k,original,0,estimated-wire,4096,4096,0,4096,0,206000000,206000000,497,2349306,206000000,184020000,1,957000000
resources.wire-window-vs-latency,window256k,common,0,raw,4096,4096,0,4096,0,245000000,247000000,389,2351728,207000000,225031000,1,1275000000
resources.wire-window-vs-latency,window256k,common,0,estimated-wire,4096,4096,0,4096,0,206000000,207000000,292,2332430,207000000,185021001,1,1031000000
resources.wire-window-vs-latency,window256k,original,0,raw,4096,4096,0,4096,0,244000000,246000000,661,2368486,206000000,224028000,1,1235000000
resources.wire-window-vs-latency,window256k,original,0,estimated-wire,4096,4096,0,4096,0,206000000,206000000,497,2349306,206000000,184020000,1,957000000
resources.wire-window-vs-latency,window64k,common,0,raw,4096,4096,0,4096,0,245000000,247000000,389,2351728,207000000,225031000,1,1275000000
resources.wire-window-vs-latency,window64k,common,0,estimated-wire,4096,4096,0,4096,0,206000000,207000000,292,2332430,207000000,185021001,1,1031000000
resources.wire-window-vs-latency,window64k,original,0,raw,4096,4096,0,4096,0,244000000,246000000,661,2368486,206000000,224028000,1,1235000000
resources.wire-window-vs-latency,window64k,original,0,estimated-wire,4096,4096,0,4096,0,206000000,206000000,497,2349306,206000000,184020000,1,957000000
soft.blackhole-vs-failfast,blackhole-request1000ms,common,0,raw,34624,34624,0,34624,0,20000000,3013000000,8585,20472457,3012000000,3008406000,1,15013000000
soft.blackhole-vs-failfast,blackhole-request1000ms,common,0,estimated-wire,34440,34440,0,34440,0,20000000,3011000000,8617,20369703,3009000000,3006406000,1,15017000000
soft.blackhole-vs-failfast,blackhole-request1000ms,original,0,raw,40066,40066,0,40066,0,10000000,3011000000,12612,23903314,3011000000,3006406000,1,15006000000
soft.blackhole-vs-failfast,blackhole-request1000ms,original,0,estimated-wire,40103,40103,0,40103,0,10000000,3011000000,12997,23969443,3011000000,3006406000,1,15009000000
soft.blackhole-vs-failfast,blackhole-request200ms,common,0,raw,34713,34713,0,34713,0,20000000,3020000000,8575,20522568,3019000000,3015752309,1,15015000000
soft.blackhole-vs-failfast,blackhole-request200ms,common,0,estimated-wire,34553,34553,0,34553,0,20000000,3028000000,8591,20433063,3026000000,3023785392,1,15012000000
soft.blackhole-vs-failfast,blackhole-request200ms,original,0,raw,40019,40019,0,40019,0,10000000,3031000000,13069,23932233,3031000000,3026777340,1,15006000000
soft.blackhole-vs-failfast,blackhole-request200ms,original,0,estimated-wire,40071,40071,0,40071,0,10000000,3021000000,12987,23951663,3021000000,3016406471,1,15009000000
soft.blackhole-vs-failfast,failfast-request1000ms,common,0,raw,34875,34875,0,34875,0,20000000,3026000000,8540,20613730,3022000000,3016841046,2,15009000000
soft.blackhole-vs-failfast,failfast-request1000ms,common,0,estimated-wire,35474,35474,0,35474,0,20000000,3030000000,8363,20941604,3026000000,3022802940,2,15008000000
soft.blackhole-vs-failfast,failfast-request1000ms,original,0,raw,40092,40092,0,40092,0,10000000,3022000000,12725,23921291,3017000000,3016242018,2,15008000000
soft.blackhole-vs-failfast,failfast-request1000ms,original,0,estimated-wire,40044,40044,0,40044,0,10000000,3023000000,12945,23920050,3018000000,3017558425,2,15005000000
soft.blackhole-vs-failfast,failfast-request200ms,common,0,raw,34875,34875,0,34875,0,20000000,3026000000,8540,20613730,3022000000,3016841046,2,15009000000
soft.blackhole-vs-failfast,failfast-request200ms,common,0,estimated-wire,35474,35474,0,35474,0,20000000,3030000000,8363,20941604,3026000000,3022802940,2,15008000000
soft.blackhole-vs-failfast,failfast-request200ms,original,0,raw,40092,40092,0,40092,0,10000000,3022000000,12725,23921291,3017000000,3016242018,2,15008000000
soft.blackhole-vs-failfast,failfast-request200ms,original,0,estimated-wire,40044,40044,0,40044,0,10000000,3023000000,12945,23920050,3018000000,3017558425,2,15005000000
soft.degrading-broker-ramp,request1000ms,common,0,raw,45129,45129,0,45129,0,987000000,2129000000,11601,26886421,696000000,1743571053,2,47016000000
soft.degrading-broker-ramp,request1000ms,common,0,estimated-wire,47478,47478,0,47478,0,812000000,2123000000,11588,28245126,701000000,1755158746,2,47008000000
soft.degrading-broker-ramp,request1000ms,original,0,raw,50070,50070,0,50070,0,775000000,2118000000,16692,30088705,704000000,1746754353,2,47008000000
soft.degrading-broker-ramp,request1000ms,original,0,estimated-wire,49938,49938,0,49938,0,764000000,3169000000,16741,30008962,708000000,2780953033,2,47006000000
soft.degrading-broker-ramp,request200ms,common,0,raw,41301,41301,0,41301,0,193000000,27852000000,10532,24923244,20886000000,27587252202,61,47016000000
soft.degrading-broker-ramp,request200ms,common,0,estimated-wire,41858,41858,0,41858,0,175000000,28721000000,10562,25206390,20862000000,28159792209,60,47017000000
soft.degrading-broker-ramp,request200ms,original,0,raw,46326,46326,0,46326,0,246000000,23674000000,14936,28515612,20716000000,23420656739,60,47009000000
soft.degrading-broker-ramp,request200ms,original,0,estimated-wire,46031,46031,0,46031,0,231000000,23506000000,14807,28302950,20711000000,23375206564,60,47005000000
soft.disconnect-storm,i1,common,0,raw,42316,42316,0,42316,0,96000000,300000000,10857,25751547,145000000,295698682,4,17010000000
soft.disconnect-storm,i1,common,0,estimated-wire,51641,51641,0,51641,0,79000000,269000000,10900,30987376,160000000,262579074,4,17010000000
soft.disconnect-storm,i1,original,0,raw,45851,45851,0,45851,0,97000000,381000000,20217,28264994,292000000,368669801,5,17008000000
soft.disconnect-storm,i1,original,0,estimated-wire,49483,49483,0,49483,0,65000000,418000000,20608,30369683,414000000,413493691,6,17009000000
soft.disconnect-storm,i5,common,0,raw,20575,20575,0,20575,0,160000000,1052000000,11512,13590837,306000000,1042646808,4,17022000000
soft.disconnect-storm,i5,common,0,estimated-wire,20991,20991,0,20991,0,149000000,822000000,11556,13838467,462000000,817199290,4,17023000000
soft.disconnect-storm,i5,original,0,raw,24910,24910,0,24910,0,191000000,587000000,19815,16918441,472000000,563078695,5,17027000000
soft.disconnect-storm,i5,original,0,estimated-wire,25184,25184,0,25184,0,129000000,689000000,20020,17110103,601000000,684067574,6,17022000000
soft.high-jitter,jitter0ms-i1,common,0,raw,4096,4096,0,4096,0,22000000,43000000,968,2452411,43000000,38000001,1,2304000000
soft.high-jitter,jitter0ms-i1,common,0,estimated-wire,4096,4096,0,4096,0,16000000,43000000,691,2408031,43000000,38000001,1,1647000000
soft.high-jitter,jitter0ms-i1,original,0,raw,4096,4096,0,4096,0,15000000,43000000,1178,2429665,36000000,38000000,1,1586000000
soft.high-jitter,jitter0ms-i1,original,0,estimated-wire,4096,4096,0,4096,0,15000000,36000000,1192,2431362,36000000,31002000,1,1622000000
soft.high-jitter,jitter0ms-i5,common,0,raw,4096,4096,0,4096,0,27000000,40000000,1011,2434412,40000000,35000001,1,1781000000
soft.high-jitter,jitter0ms-i5,common,0,estimated-wire,4096,4096,0,4096,0,14000000,40000000,769,2415467,40000000,35000001,1,1687000000
soft.high-jitter,jitter0ms-i5,original,0,raw,4096,4096,0,4096,0,13000000,40000000,1335,2448236,36000000,35000000,1,1687000000
soft.high-jitter,jitter0ms-i5,original,0,estimated-wire,4096,4096,0,4096,0,13000000,36000000,1334,2448118,36000000,31002000,1,1687000000
soft.high-jitter,jitter5ms-i1,common,0,raw,4096,4096,0,4096,0,62000000,104000000,781,2422202,104000000,91912688,1,4507000000
soft.high-jitter,jitter5ms-i1,common,0,estimated-wire,4096,4096,0,4096,0,44000000,85000000,652,2403401,85000000,73975828,1,3750000000
soft.high-jitter,jitter5ms-i1,original,0,raw,4096,4096,0,4096,0,45000000,102000000,1194,2432273,90000000,91710259,1,3587000000
soft.high-jitter,jitter5ms-i1,original,0,estimated-wire,4096,4096,0,4096,0,43000000,89000000,1180,2430576,89000000,78868975,1,3529000000
soft.high-jitter,jitter5ms-i5,common,0,raw,4096,4096,0,4096,0,84000000,92000000,1950,2560702,91000000,83846804,1,7581000000
soft.high-jitter,jitter5ms-i5,common,0,estimated-wire,4096,4096,0,4096,0,84000000,89000000,1966,2562567,85000000,78721711,1,7692000000
soft.high-jitter,jitter5ms-i5,original,0,raw,4096,4096,0,4096,0,80000000,91000000,2517,2589152,91000000,82122025,1,5528000000
soft.high-jitter,jitter5ms-i5,original,0,estimated-wire,4096,4096,0,4096,0,79000000,89000000,2490,2585921,89000000,78868975,1,5440000000
soft.metadata-loss-during-move,metadata1000ms,common,0,raw,36028,36028,0,36028,0,24000000,74000000,8711,21304062,70000000,35296006,3,14021000000
soft.metadata-loss-during-move,metadata1000ms,common,0,estimated-wire,36541,36541,0,36541,0,24000000,65000000,8632,21588303,63000000,45965599,3,14022000000
soft.metadata-loss-during-move,metadata1000ms,original,0,raw,44327,44327,0,44327,0,20000000,30000000,13661,26412486,30000000,23209000,2,14018000000
soft.metadata-loss-during-move,metadata1000ms,original,0,estimated-wire,44865,44865,0,44865,0,18000000,30000000,13719,26720170,30000000,23209000,2,14017000000
soft.metadata-loss-during-move,metadata20ms,common,0,raw,36069,36069,0,36069,0,24000000,40000000,8676,21341448,40000000,33349010,2,14023000000
soft.metadata-loss-during-move,metadata20ms,common,0,estimated-wire,36453,36453,0,36453,0,24000000,76000000,8621,21558708,74000000,51346007,3,14017000000
soft.metadata-loss-during-move,metadata20ms,original,0,raw,45131,45131,0,45131,0,19000000,34000000,13453,26867018,34000000,23209000,2,14015000000
soft.metadata-loss-during-move,metadata20ms,original,0,estimated-wire,44572,44572,0,44572,0,20000000,34000000,13602,26567509,29000000,28209000,2,14014000000
soft.one-way-loss-responses,outage3000ms-i1,common,0,raw,35696,35696,0,35696,0,18000000,3012000000,8866,21481314,3007000000,3007012000,2,15015000000
soft.one-way-loss-responses,outage3000ms-i1,common,0,estimated-wire,45010,45010,0,45010,0,18000000,3018000000,8861,26680986,3013000000,3012846526,2,15010000000
soft.one-way-loss-responses,outage3000ms-i1,original,0,raw,39449,39449,0,39449,0,22000000,3025000000,16529,24011952,3021000000,3020105793,2,15016000000
soft.one-way-loss-responses,outage3000ms-i1,original,0,estimated-wire,41169,41169,0,41169,0,22000000,3017000000,16589,24981531,3010000000,3011974883,2,15010000000
soft.one-way-loss-responses,outage3000ms-i5,common,0,raw,17870,17870,0,17870,0,29000000,3026000000,9788,11371658,3010000000,3019219000,2,15022000000
soft.one-way-loss-responses,outage3000ms-i5,common,0,estimated-wire,18067,18067,0,18067,0,28000000,3046000000,9785,11497253,3014000000,3041237000,2,15022000000
soft.one-way-loss-responses,outage3000ms-i5,original,0,raw,21152,21152,0,21152,0,29000000,3055000000,16658,13804914,3013000000,3050790191,2,15030000000
soft.one-way-loss-responses,outage3000ms-i5,original,0,estimated-wire,21092,21092,0,21092,0,28000000,3026000000,16652,13770113,3006000000,3021219000,2,15023000000
soft.one-way-loss-responses,outage300ms-i1,common,0,raw,35243,35243,0,35243,0,17000000,312000000,8251,21155728,307000000,307012000,2,12309000000
soft.one-way-loss-responses,outage300ms-i1,common,0,estimated-wire,44002,44002,0,44002,0,18000000,312000000,8250,26044331,307000000,306608000,2,12314000000
soft.one-way-loss-responses,outage300ms-i1,original,0,raw,38918,38918,0,38918,0,22000000,313000000,15919,23640977,308000000,308012000,2,12311000000
soft.one-way-loss-responses,outage300ms-i1,original,0,estimated-wire,40699,40699,0,40699,0,22000000,313000000,15991,24646100,307000000,308608000,2,12313000000
soft.one-way-loss-responses,outage300ms-i5,common,0,raw,17179,17179,0,17179,0,29000000,326000000,9114,10902492,310000000,319219000,2,12323000000
soft.one-way-loss-responses,outage300ms-i5,common,0,estimated-wire,17385,17385,0,17385,0,28000000,346000000,9111,11036908,314000000,341237000,2,12323000000
soft.one-way-loss-responses,outage300ms-i5,original,0,raw,20439,20439,0,20439,0,29000000,348000000,15971,13323128,306000000,343237000,2,12323000000
soft.one-way-loss-responses,outage300ms-i5,original,0,estimated-wire,20412,20412,0,20412,0,28000000,326000000,15976,13308078,306000000,321219000,2,12322000000
soft.retriable-error-storm,error19-slow0,common,0,raw,34007,34007,0,34007,0,20000000,2054000000,8513,20306673,2050000000,2018527856,15,14017000000
soft.retriable-error-storm,error19-slow0,common,0,estimated-wire,33854,33854,0,33854,0,20000000,2126000000,8467,20232429,2122000000,2095062290,16,14017000000
soft.retriable-error-storm,error19-slow0,original,0,raw,39612,39612,0,39612,0,10000000,2053000000,12869,23855619,2048000000,2041274461,16,14006000000
soft.retriable-error-storm,error19-slow0,original,0,estimated-wire,39632,39632,0,39632,0,10000000,2034000000,12856,23910988,2029000000,2007490173,17,14005000000
soft.retriable-error-storm,error19-slow1,common,0,raw,32655,32655,0,32655,0,20000000,2624000000,8143,19371974,2620000000,2575120237,5,14016000000
soft.retriable-error-storm,error19-slow1,common,0,estimated-wire,33727,33727,0,33727,0,20000000,2336000000,8272,19983888,2332000000,175926404,5,14017000000
soft.retriable-error-storm,error19-slow1,original,0,raw,34277,34277,0,34277,0,10000000,3782000000,11196,20542951,3782000000,2447442341,6,14008000000
soft.retriable-error-storm,error19-slow1,original,0,estimated-wire,35463,35463,0,35463,0,10000000,3410000000,11673,21270202,3410000000,975573059,6,14006000000
soft.retriable-error-storm,error6-slow0,common,0,raw,36392,36392,0,36392,0,24000000,40000000,8651,21499491,34000000,34937001,2,14014000000
soft.retriable-error-storm,error6-slow0,common,0,estimated-wire,36569,36569,0,36569,0,24000000,48000000,8630,21601178,38000000,43045001,2,14026000000
soft.retriable-error-storm,error6-slow0,original,0,raw,44864,44864,0,44864,0,19000000,34000000,13568,26708381,34000000,28209000,2,14013000000
soft.retriable-error-storm,error6-slow0,original,0,estimated-wire,44895,44895,0,44895,0,19000000,29000000,13489,26714740,29000000,19143804,2,14013000000
soft.retriable-error-storm,error6-slow1,common,0,raw,36362,36362,0,36362,0,24000000,135000000,8635,21481207,131000000,125834611,2,14017000000
soft.retriable-error-storm,error6-slow1,common,0,estimated-wire,36434,36434,0,36434,0,24000000,184000000,8593,21519647,180000000,171522404,2,14017000000
soft.retriable-error-storm,error6-slow1,original,0,raw,45419,45419,0,45419,0,10000000,204000000,13020,27001430,204000000,193087610,2,14007000000
soft.retriable-error-storm,error6-slow1,original,0,estimated-wire,45095,45095,0,45095,0,16000000,176000000,13581,26887216,171000000,170209000,2,14006000000
soft.retriable-error-storm,error7-slow0,common,0,raw,34007,34007,0,34007,0,20000000,2054000000,8513,20306673,2050000000,2018527856,15,14017000000
soft.retriable-error-storm,error7-slow0,common,0,estimated-wire,33854,33854,0,33854,0,20000000,2126000000,8467,20232429,2122000000,2095062290,16,14017000000
soft.retriable-error-storm,error7-slow0,original,0,raw,39612,39612,0,39612,0,10000000,2053000000,12869,23855619,2048000000,2041274461,16,14006000000
soft.retriable-error-storm,error7-slow0,original,0,estimated-wire,39632,39632,0,39632,0,10000000,2034000000,12856,23910988,2029000000,2007490173,17,14005000000
soft.retriable-error-storm,error7-slow1,common,0,raw,32655,32655,0,32655,0,20000000,2624000000,8143,19371974,2620000000,2575120237,5,14016000000
soft.retriable-error-storm,error7-slow1,common,0,estimated-wire,33727,33727,0,33727,0,20000000,2336000000,8272,19983888,2332000000,175926404,5,14017000000
soft.retriable-error-storm,error7-slow1,original,0,raw,34277,34277,0,34277,0,10000000,3782000000,11196,20542951,3782000000,2447442341,6,14008000000
soft.retriable-error-storm,error7-slow1,original,0,estimated-wire,35463,35463,0,35463,0,10000000,3410000000,11673,21270202,3410000000,975573059,6,14006000000
soft.slow-broker-window,lanes1-i1,common,0,raw,44675,44675,0,44675,0,413000000,772000000,9283,26184482,309000000,617786002,1,22009000000
soft.slow-broker-window,lanes1-i1,common,0,estimated-wire,48898,48898,0,48898,0,293000000,309000000,9526,28568571,309000000,154594074,1,22011000000
soft.slow-broker-window,lanes1-i1,original,0,raw,44485,44485,0,44485,0,301000000,927000000,9217,26118358,309000000,772181000,1,22008000000
soft.slow-broker-window,lanes1-i1,original,0,estimated-wire,48894,48894,0,48894,0,293000000,309000000,9537,28568193,309000000,154591000,1,22011000000
soft.slow-broker-window,lanes1-i5,common,0,raw,35122,35122,0,35122,0,26000000,6909000000,9507,21112012,2092000000,6574540195,4,22018000000
soft.slow-broker-window,lanes1-i5,common,0,estimated-wire,35063,35063,0,35063,0,27000000,3035000000,9522,21230219,953000000,2838348549,2,22019000000
soft.slow-broker-window,lanes1-i5,original,0,raw,34330,34330,0,34330,0,27000000,7001000000,9514,20651072,1628000000,6704437806,3,22015000000
soft.slow-broker-window,lanes1-i5,original,0,estimated-wire,35781,35781,0,35781,0,27000000,6876000000,9180,21484280,1599000000,6721788189,3,22009000000
soft.slow-broker-window,lanes4-i1,common,0,raw,44675,44675,0,44675,0,413000000,772000000,9283,26184482,309000000,617786002,1,22009000000
soft.slow-broker-window,lanes4-i1,common,0,estimated-wire,48898,48898,0,48898,0,293000000,309000000,9526,28568571,309000000,154594074,1,22011000000
soft.slow-broker-window,lanes4-i1,original,0,raw,45186,45186,0,45186,0,309000000,772000000,15772,27131980,160000000,617423000,1,22009000000
soft.slow-broker-window,lanes4-i1,original,0,estimated-wire,46881,46881,0,46881,0,294000000,309000000,15061,27996450,160000000,154608000,1,22005000000
soft.slow-broker-window,lanes4-i5,common,0,raw,35122,35122,0,35122,0,26000000,6909000000,9507,21112012,2092000000,6574540195,4,22018000000
soft.slow-broker-window,lanes4-i5,common,0,estimated-wire,35063,35063,0,35063,0,27000000,3035000000,9522,21230219,953000000,2838348549,2,22019000000
soft.slow-broker-window,lanes4-i5,original,0,raw,43043,43043,0,43043,0,10000000,3823000000,13964,26075598,403000000,3500630874,2,22006000000
soft.slow-broker-window,lanes4-i5,original,0,estimated-wire,43163,43163,0,43163,0,10000000,3458000000,13957,26174320,402000000,3160202317,2,22005000000
soft.slow-setup,request2000ms,common,0,raw,43596,43596,0,43596,0,20000000,1853000000,10688,25752746,1849000000,1844307154,2,17017000000
soft.slow-setup,request2000ms,common,0,estimated-wire,46450,46450,0,46450,0,20000000,1851000000,9994,27348729,1847000000,1844384752,2,17009000000
soft.slow-setup,request2000ms,original,0,raw,51071,51071,0,51071,0,10000000,1846000000,15352,30371915,1841000000,1839862882,2,17006000000
soft.slow-setup,request2000ms,original,0,estimated-wire,51020,51020,0,51020,0,10000000,1844000000,16325,30456601,1839000000,1838216891,2,17006000000
soft.slow-setup,request200ms,common,0,raw,35132,35132,0,35132,0,20000000,5200000000,8677,20760378,5196000000,5191500112,2,17012000000
soft.slow-setup,request200ms,common,0,estimated-wire,35787,35787,0,35787,0,20000000,5182000000,8493,21129042,5178000000,5175591086,2,17005000000
soft.slow-setup,request200ms,original,0,raw,40353,40353,0,40353,0,10000000,5184000000,12783,24074755,5179000000,5177871539,2,17005000000
soft.slow-setup,request200ms,original,0,estimated-wire,40427,40427,0,40427,0,10000000,5148000000,13024,24144250,5143000000,5141954959,2,17005000000
soft.sustained-random-loss,loss1-slow0,common,0,raw,48524,48524,0,48524,0,31000000,88000000,11601,28894680,81000000,76069787,3,17012000000
soft.sustained-random-loss,loss1-slow0,common,0,estimated-wire,50324,50324,0,50324,0,29000000,73000000,11415,29937804,68000000,66960890,3,17008000000
soft.sustained-random-loss,loss1-slow0,original,0,raw,58121,58121,0,58121,0,34000000,271000000,17670,34806512,266000000,259747880,3,17008000000
soft.sustained-random-loss,loss1-slow0,original,0,estimated-wire,58371,58371,0,58371,0,34000000,284000000,18109,35012699,279000000,272689124,3,17008000000
soft.sustained-random-loss,loss1-slow1,common,0,raw,35638,35638,0,35638,0,183000000,458000000,8401,21232807,448000000,450847230,3,17013000000
soft.sustained-random-loss,loss1-slow1,common,0,estimated-wire,36355,36355,0,36355,0,174000000,545000000,8503,21649160,544000000,539249346,3,17015000000
soft.sustained-random-loss,loss1-slow1,original,0,raw,40722,40722,0,40722,0,176000000,564000000,13459,24524929,562000000,549529466,3,17009000000
soft.sustained-random-loss,loss1-slow1,original,0,estimated-wire,41951,41951,0,41951,0,161000000,958000000,13084,25163046,804000000,776528613,4,17008000000
soft.sustained-random-loss,loss5-slow0,common,0,raw,43328,43328,0,43328,0,59000000,724000000,10385,26751568,383000000,712989011,3,17015000000
soft.sustained-random-loss,loss5-slow0,common,0,estimated-wire,44356,44356,0,44356,0,61000000,254000000,10478,27326323,167000000,243588273,3,17012000000
soft.sustained-random-loss,loss5-slow0,original,0,raw,42725,42725,0,42725,0,108000000,996000000,13753,26326854,991000000,945211411,6,17009000000
soft.sustained-random-loss,loss5-slow0,original,0,estimated-wire,42960,42960,0,42960,0,186000000,377000000,14107,26490543,330000000,329417303,4,17006000000
soft.sustained-random-loss,loss5-slow1,common,0,raw,18041,18041,0,18041,0,572000000,4298000000,4499,11056472,1819000000,3936567483,3,17015000000
soft.sustained-random-loss,loss5-slow1,common,0,estimated-wire,21108,21108,0,21108,0,417000000,3292000000,5006,12879145,1691000000,3277709210,3,17008000000
soft.sustained-random-loss,loss5-slow1,original,0,raw,20168,20168,0,20168,0,588000000,3060000000,6910,12338445,2697000000,2696102590,5,17005000000
soft.sustained-random-loss,loss5-slow1,original,0,estimated-wire,25391,25391,0,25391,0,389000000,1063000000,8621,15600532,656000000,980530344,3,17009000000
soft.throttle-window,i1,common,0,raw,41095,41095,0,41095,0,18000000,2018000000,8313,24045074,509000000,2013242002,1,17010000000
soft.throttle-window,i1,common,0,estimated-wire,44163,44163,0,44163,0,14000000,509000000,8361,25762439,509000000,504010016,1,17011000000
soft.throttle-window,i1,original,0,raw,41137,41137,0,41137,0,10000000,2522000000,14311,24692941,505000000,2517441000,1,17006000000
soft.throttle-window,i1,original,0,estimated-wire,41839,41839,0,41839,0,10000000,509000000,13153,24948976,509000000,504608000,1,17007000000
soft.throttle-window,i5,common,0,raw,33661,33661,0,33661,0,28000000,513000000,9024,19981029,512000000,508105001,1,17021000000
soft.throttle-window,i5,common,0,estimated-wire,35239,35239,0,35239,0,28000000,508000000,8813,20901451,508000000,503618002,1,17007000000
soft.throttle-window,i5,original,0,raw,41644,41644,0,41644,0,10000000,513000000,13450,24874713,513000000,508067000,1,17008000000
soft.throttle-window,i5,original,0,estimated-wire,41839,41839,0,41839,0,10000000,509000000,13652,25007858,509000000,504608000,1,17007000000
soft.tiny-chunk-transport,window1024k-i1,common,0,raw,4096,4096,0,4096,0,14000000,21000000,764,2387203,21000000,18061000,1,1032000000
soft.tiny-chunk-transport,window1024k-i1,common,0,estimated-wire,4096,4096,0,4096,0,12000000,19000000,766,2381183,19000000,16109001,1,977000000
soft.tiny-chunk-transport,window1024k-i1,original,0,raw,4096,4096,0,4096,0,9000000,20000000,768,2381015,17000000,17062000,1,907000000
soft.tiny-chunk-transport,window1024k-i1,original,0,estimated-wire,4096,4096,0,4096,0,9000000,17000000,767,2380897,17000000,14056000,1,907000000
soft.tiny-chunk-transport,window1024k-i5,common,0,raw,4096,4096,0,4096,0,10000000,19000000,639,2374493,19000000,16060000,1,971000000
soft.tiny-chunk-transport,window1024k-i5,common,0,estimated-wire,4096,4096,0,4096,0,10000000,18000000,638,2374375,18000000,15054001,1,971000000
soft.tiny-chunk-transport,window1024k-i5,original,0,raw,4096,4096,0,4096,0,9000000,18000000,768,2381015,17000000,15061000,1,907000000
soft.tiny-chunk-transport,window1024k-i5,original,0,estimated-wire,4096,4096,0,4096,0,9000000,17000000,767,2380897,17000000,14056000,1,907000000
soft.tiny-chunk-transport,window64k-i1,common,0,raw,4096,4096,0,4096,0,14000000,21000000,764,2387203,21000000,18061000,1,1032000000
soft.tiny-chunk-transport,window64k-i1,common,0,estimated-wire,4096,4096,0,4096,0,12000000,19000000,766,2381183,19000000,16109001,1,977000000
soft.tiny-chunk-transport,window64k-i1,original,0,raw,4096,4096,0,4096,0,9000000,20000000,768,2381015,17000000,17062000,1,907000000
soft.tiny-chunk-transport,window64k-i1,original,0,estimated-wire,4096,4096,0,4096,0,9000000,17000000,767,2380897,17000000,14056000,1,907000000
soft.tiny-chunk-transport,window64k-i5,common,0,raw,4096,4096,0,4096,0,10000000,19000000,639,2374493,19000000,16060000,1,971000000
soft.tiny-chunk-transport,window64k-i5,common,0,estimated-wire,4096,4096,0,4096,0,10000000,18000000,638,2374375,18000000,15054001,1,971000000
soft.tiny-chunk-transport,window64k-i5,original,0,raw,4096,4096,0,4096,0,9000000,18000000,768,2381015,17000000,15061000,1,907000000
soft.tiny-chunk-transport,window64k-i5,original,0,estimated-wire,4096,4096,0,4096,0,9000000,17000000,767,2380897,17000000,14056000,1,907000000
topology.delete-recreate,reopen0,common,0,raw,4512,4121,391,4112,9,30000000,31000000,338,2357750,8000000,29202000,1,15012250000
topology.delete-recreate,reopen0,common,0,estimated-wire,4512,4121,391,4112,9,19000000,26000000,191,2332393,23000000,24001001,1,15012250000
topology.delete-recreate,reopen0,original,0,raw,4512,4121,391,4112,9,28000000,28000000,517,2366817,8000000,26175000,1,15012250000
topology.delete-recreate,reopen0,original,0,estimated-wire,4512,4121,391,4112,9,8000000,8000000,335,2345721,8000000,5820000,1,15012250000
topology.delete-recreate,reopen1,common,0,raw,4512,4512,0,4512,0,30000000,31000000,436,2592969,8000000,29202000,1,15116000000
topology.delete-recreate,reopen1,common,0,estimated-wire,4512,4512,0,4512,0,19000000,26000000,289,2567612,23000000,24001001,1,15116000000
topology.delete-recreate,reopen1,original,0,raw,4512,4512,0,4512,0,28000000,28000000,615,2602036,8000000,26175000,1,15116000000
topology.delete-recreate,reopen1,original,0,estimated-wire,4512,4512,0,4512,0,8000000,8000000,433,2580940,8000000,5820000,1,15116000000
topology.leader-rebalance-churn,i1,common,0,raw,205145,205145,0,205145,0,14000000,38000000,55140,121704153,35000000,30830569,2,62005000000
topology.leader-rebalance-churn,i1,common,0,estimated-wire,205914,205914,0,205914,0,14000000,39000000,53878,121949775,35000000,34010001,2,62005000000
topology.leader-rebalance-churn,i1,original,0,raw,198136,198136,0,198136,0,10000000,38000000,66395,118673459,36000000,32009565,2,62006000000
topology.leader-rebalance-churn,i1,original,0,estimated-wire,198139,198139,0,198139,0,10000000,38000000,65244,118538211,38000000,32975648,2,62006000000
topology.leader-rebalance-churn,i5,common,0,raw,189297,189297,0,189297,0,24000000,50000000,53838,112680283,37000000,41208001,2,62007000000
topology.leader-rebalance-churn,i5,common,0,estimated-wire,187613,187613,0,187613,0,24000000,47000000,53327,111680096,35000000,40211001,2,62008000000
topology.leader-rebalance-churn,i5,original,0,raw,198086,198086,0,198086,0,10000000,39000000,66267,118634319,39000000,32833661,2,62006000000
topology.leader-rebalance-churn,i5,original,0,estimated-wire,198257,198257,0,198257,0,10000000,39000000,66468,118742462,37000000,33005206,2,62009000000
topology.multi-topic-isolation,lanes1,common,0,raw,57912,57912,0,57912,0,8000000,408000000,7239,33237449,204000000,203372000,1,17008000000
topology.multi-topic-isolation,lanes1,common,0,estimated-wire,57912,57912,0,57912,0,9000000,408000000,7237,33237213,204000000,203753027,1,17005000000
topology.multi-topic-isolation,lanes1,original,0,raw,57912,57912,0,57912,0,8000000,408000000,7239,33237449,204000000,203372000,1,17008000000
topology.multi-topic-isolation,lanes1,original,0,estimated-wire,57912,57912,0,57912,0,9000000,408000000,7237,33237213,204000000,203780000,1,17005000000
topology.multi-topic-isolation,lanes4,common,0,raw,57912,57912,0,57912,0,8000000,408000000,7239,33237449,204000000,203372000,1,17008000000
topology.multi-topic-isolation,lanes4,common,0,estimated-wire,57912,57912,0,57912,0,9000000,408000000,7237,33237213,204000000,203753027,1,17005000000
topology.multi-topic-isolation,lanes4,original,0,raw,57912,57912,0,57912,0,8000000,408000000,7239,33237449,204000000,203372000,1,17008000000
topology.multi-topic-isolation,lanes4,original,0,estimated-wire,57912,57912,0,57912,0,9000000,408000000,7237,33237213,204000000,203780000,1,17005000000
topology.partition-expansion,metadata1000ms,common,0,raw,9112,9112,0,9112,0,30000000,31000000,5338,5736945,8000000,29202000,1,20016000000
topology.partition-expansion,metadata1000ms,common,0,estimated-wire,9112,9112,0,9112,0,17000000,26000000,5191,5711588,23000000,24001001,1,20016000000
topology.partition-expansion,metadata1000ms,original,0,raw,9112,9112,0,9112,0,27000000,28000000,5517,5746012,8000000,26175000,1,20016000000
topology.partition-expansion,metadata1000ms,original,0,estimated-wire,9112,9112,0,9112,0,7000000,8000000,5335,5724916,8000000,5820000,1,20016000000
topology.partition-expansion,metadata20ms,common,0,raw,9112,9112,0,9112,0,30000000,31000000,5338,5778165,8000000,29202000,1,20016000000
topology.partition-expansion,metadata20ms,common,0,estimated-wire,9112,9112,0,9112,0,17000000,26000000,5191,5752808,23000000,24001001,1,20016000000
topology.partition-expansion,metadata20ms,original,0,raw,9112,9112,0,9112,0,27000000,28000000,5517,5787232,8000000,26175000,1,20016000000
topology.partition-expansion,metadata20ms,original,0,estimated-wire,9112,9112,0,9112,0,7000000,8000000,5335,5766136,8000000,5820000,1,20016000000
